TAS,TAS21,ER30000,ER30001,ER30002,ER32000,ER32006,ER10001,ER12079,ER12222,ER12223,ER33401,ER33402,ER33403,ER34901,ER34902,ER34903,TA210001,TA210002,TA210003,TA210004,TA210220,TA210225,TA210678,TA210679
1,1,2,4,42,1,2,7,7512,12,0,4246,3,30,7535,1,10,1,2138,7535,1,1,25,1,27000
1,1,2,4,44,2,2,,,,,0,0,0,3753,2,30,1,2225,3753,2,6,0,5,0
1,1,2,5,33,1,2,7,46473.03,10,12,3633,5,30,4065,1,10,1,1,4065,1,1,0,5,0
1,1,2,7,46,2,2,7,14000,11,0,5107,2,30,6614,2,20,1,1724,6614,2,1,11,1,700
1,1,2,7,47,2,2,7,14000,11,0,5107,4,30,4476,2,20,1,431,4476,2,1,52,1,20000
1,1,2,7,48,2,2,7,14000,11,0,5107,5,30,4239,1,10,1,684,4239,1,1,52,1,19000
1,1,2,7,49,2,2,7,58200,12,12,1910,0,0,6528,2,22,1,1410,6528,2,6,0,5,0
1,1,2,7,50,1,2,7,11400,10,11,1111,0,0,4020,2,30,1,1460,4020,2,1,52,1,15600
1,1,2,7,51,2,2,7,14000,11,0,5107,0,0,6582,2,30,1,748,6582,2,3,0,5,0
1,1,2,7,52,2,2,7,11400,10,11,1111,0,0,4020,3,30,1,305,4020,3,1,36,1,5000
1,1,2,7,206,1,3,7,58200,12,12,1910,0,0,4800,1,10,1,1088,4800,1,1,52,1,9999999
1,1,2,14,33,2,2,7,56300,17,14,681,4,30,2723,1,10,1,196,2723,1,1,9,1,300
1,1,2,16,34,2,2,7,57203,12,12,1721,0,0,8782,1,10,1,1976,8782,1,1,16,1,4000
1,1,2,16,177,1,3,,,,,0,0,0,2271,3,30,1,1967,2271,3,6,0,5,0
1,1,2,18,39,1,2,7,21000,12,12,687,3,30,2245,2,30,1,607,2245,2,1,52,1,15000
1,1,2,18,40,1,2,7,21000,12,12,687,4,30,2245,3,30,1,306,2245,3,1,52,1,30000
1,1,2,18,41,1,2,7,35000,12,13,4261,4,30,8300,1,10,1,1667,8300,1,1,52,1,60000
1,1,2,18,42,2,2,7,21000,12,12,687,0,0,2245,4,30,1,608,2245,4,1,23,1,14
1,1,2,18,45,2,2,7,35000,12,13,4261,0,0,3859,2,20,1,1668,3859,2,1,52,1,36000
1,1,2,18,189,2,3,7,49763,13,12,1487,6,38,5849,2,30,1,545,5849,2,1,52,1,21840
1,1,2,22,32,1,2,7,60000,12,0,5098,0,0,6762,1,10,1,796,6762,1,1,43,1,38000
1,1,2,23,32,1,2,7,18325.5,12,12,2729,0,0,4787,51,30,1,1517,4787,51,1,50,1,23000
1,1,2,39,31,2,2,7,33000,15,15,1293,3,30,7393,2,22,1,1105,7393,2,1,52,1,45000
1,1,2,39,32,1,2,7,25000,16,0,915,0,0,3910,1,10,1,493,3910,1,7,52,1,15000
1,1,2,41,32,2,2,7,6140,8,0,483,0,0,5265,1,10,1,432,5265,1,2,18,1,12000
1,1,2,41,33,1,2,7,6140,8,0,483,0,0,5869,3,60,1,1641,5869,3,7,0,5,0
1,1,2,41,34,2,2,7,17600,6,10,3171,0,0,4204,2,30,1,197,4204,2,1,0,5,0
1,1,2,41,35,1,2,7,30650,14,14,1288,0,0,7333,1,10,1,1242,7333,1,1,42,1,9600
1,1,2,41,36,2,2,7,38000,12,12,4730,0,0,4353,2,30,1,898,4353,2,1,36,5,10000
1,1,2,41,38,2,2,7,17600,6,10,3171,0,0,4204,3,30,1,369,4204,3,1,0,5,0
1,1,2,45,33,2,2,7,31285,10,11,4731,3,97,5727,2,20,1,267,5727,2,1,0,5,0
1,1,2,47,39,2,2,7,29000,13,15,4601,4,30,5722,3,30,1,996,5722,3,1,52,1,36000
1,1,2,47,40,2,2,7,36300,16,16,5905,3,30,7222,1,10,1,1503,7222,1,1,52,1,30000
1,1,2,47,41,2,2,7,29000,13,15,4601,0,0,5722,4,30,1,1343,5722,4,2,52,1,22000
1,1,2,47,43,2,2,7,36300,16,16,5905,0,0,2459,51,30,1,899,2459,51,6,0,5,0
1,1,2,47,44,2,2,7,67800,17,13,2732,0,0,3388,3,30,1,1915,3388,3,7,30,1,1000
1,1,2,50,34,2,2,7,140000,16,17,475,3,30,7160,2,20,1,1318,7160,2,1,52,1,67584
1,1,2,51,34,1,2,7,28467,99,12,228,0,0,7719,3,30,1,2196,7719,3,1,22,1,5651
1,1,2,53,43,1,2,7,20700,12,0,2696,0,0,4756,3,30,1,867,4756,3,1,52,1,37960
1,1,2,53,45,2,2,7,34000,11,12,3530,0,0,4889,3,30,1,2226,4889,3,7,31,5,2500
1,1,2,53,205,1,3,7,18943,9,99,4739,5,30,3761,2,30,1,974,3761,2,1,52,1,50000
1,1,2,60,41,1,2,7,20000,14,0,5444,0,0,2711,51,30,1,2286,2711,51,7,0,5,0
1,1,2,61,36,2,2,7,51000,13,17,1460,0,0,6789,51,30,1,879,6789,51,7,33,1,6700
1,1,2,68,31,1,2,7,55000,14,14,2817,0,0,4834,3,30,1,582,4834,3,1,40,5,9000
1,1,2,84,36,2,2,7,28000,12,0,4596,2,30,3807,2,20,1,20,3807,2,1,52,1,24000
1,1,2,84,37,2,2,7,70500,12,12,4702,0,0,7847,3,30,1,1748,7847,3,1,52,1,4000
1,1,2,90,32,2,2,7,85000,12,16,674,4,30,4126,1,10,1,1063,4126,1,1,52,1,50000
1,1,2,99,32,1,2,7,4400,12,12,21,3,30,5679,1,10,1,198,5679,1,1,52,1,33000
1,1,2,105,38,1,2,7,4100,11,0,960,4,30,7743,1,10,1,1725,7743,1,3,15,1,9999999
1,1,2,105,41,2,2,7,4100,11,0,960,0,0,7801,2,30,1,1869,7801,2,3,36,1,25920
1,1,2,113,32,2,2,7,22000,14,16,5422,0,0,864,3,30,1,370,864,3,1,26,1,4543
1,1,2,117,31,1,2,7,42000,16,15,2642,3,30,2761,2,30,1,1863,2761,2,1,52,1,40000
1,1,2,117,32,2,2,7,42000,16,15,2642,4,30,9185,51,30,1,1913,9185,51,1,52,1,20000
1,1,2,117,33,1,2,7,28000,16,16,3638,0,0,7241,1,10,1,1665,7241,1,1,13,1,9999999
1,1,2,117,34,2,2,7,42000,16,15,2642,0,0,9185,52,30,1,1898,9185,52,1,0,5,0
1,1,2,117,35,1,2,7,28000,16,16,3638,0,0,4190,51,30,1,1323,4190,51,1,18,1,8000
1,1,2,119,32,2,2,7,29000,12,11,4993,0,0,1547,2,60,1,2295,1547,2,1,52,1,5000
1,1,2,119,33,2,2,7,29000,12,11,4993,0,0,1843,1,10,1,1221,1843,1,1,38,1,9999999
1,1,2,119,34,1,2,7,29000,12,11,4993,0,0,1214,3,33,1,1050,1214,3,6,0,5,0
1,1,2,121,37,1,2,7,29787.4,17,16,2121,3,30,7962,1,10,1,2168,7962,1,6,52,1,46781
1,1,2,121,38,2,2,7,29787.4,17,16,2121,0,0,2120,51,30,1,433,2120,51,1,10,1,2000
1,1,2,122,38,1,2,7,81500,12,16,1504,5,30,7217,3,30,1,2234,7217,3,1,52,1,40000
1,1,2,122,39,2,2,7,81500,12,16,1504,0,0,2558,2,22,1,1172,2558,2,7,51,1,26000
1,1,2,122,41,1,2,7,38400,14,15,2262,0,0,2583,2,30,1,770,2583,2,3,52,1,2400
1,1,2,129,43,2,2,7,5745,11,0,1077,0,0,4483,1,10,1,1443,4483,1,3,41,1,16000
1,1,2,129,48,2,2,7,4250,10,11,3635,0,0,5932,6,47,1,2214,5932,6,6,52,1,9999999
1,1,2,129,49,2,2,7,4250,10,11,3635,0,0,5932,7,47,1,2215,5932,7,3,0,5,0
1,1,2,138,33,2,2,7,11104,11,0,4499,3,30,7706,2,22,1,2103,7706,2,7,52,1,15000
1,1,2,151,40,2,2,7,162920,17,16,2150,0,0,3872,3,30,1,268,3872,3,7,52,1,8628
1,1,2,156,32,1,2,7,83300,12,12,2822,0,0,2975,3,30,1,307,2975,3,1,23,1,25000
1,1,2,172,36,2,2,7,5240,99,0,3994,2,30,5673,1,10,1,199,5673,1,1,0,5,0
1,1,2,172,38,1,2,7,81606,12,0,3684,0,0,4964,51,30,1,434,4964,51,1,52,1,30000
1,1,2,172,40,1,2,7,5240,99,0,3994,0,0,7523,1,10,1,1230,7523,1,7,23,1,7000
1,1,2,172,42,1,2,7,5240,99,0,3994,0,0,5673,3,40,1,2252,5673,3,1,52,1,9999999
1,1,2,173,40,2,2,7,10802,11,12,389,7,30,4143,2,22,1,21,4143,2,6,52,1,13000
1,1,2,173,42,1,2,7,10802,11,12,389,0,0,8436,1,10,1,1899,8436,1,2,52,1,9999999
1,1,2,174,39,2,2,7,113652,16,17,1168,4,30,4721,1,10,1,546,4721,1,1,52,1,32000
1,1,2,174,41,2,2,7,113652,16,17,1168,5,30,7568,1,10,1,1511,7568,1,1,48,1,9999999
1,1,2,200,36,2,2,7,57960,17,16,5157,0,0,6292,1,10,1,934,6292,1,1,52,1,12000
1,1,2,200,39,2,2,7,55500,14,16,1559,0,0,2644,3,30,1,1914,2644,3,7,17,1,3930
1,1,2,200,41,1,2,7,11796,12,0,2857,0,0,7934,3,30,1,1956,7934,3,3,40,1,11840
1,1,2,203,33,2,2,7,80188,16,14,1158,5,30,340,4,30,1,396,340,4,1,52,1,25000
1,1,2,203,34,2,2,7,80188,16,14,1158,0,0,340,5,30,1,397,340,5,1,52,1,30000
1,1,2,214,31,1,2,7,125500,16,99,3577,0,0,6995,51,30,1,2145,6995,51,3,0,5,0
1,1,2,214,32,2,2,7,125500,16,99,3577,0,0,6995,52,30,1,1461,6995,52,7,31,1,5900
1,1,2,221,32,1,2,7,45000,9,11,4720,3,30,4983,1,10,1,959,4983,1,1,49,1,130000
1,1,2,231,30,2,2,7,26100,14,0,4176,0,0,1562,3,30,1,414,1562,3,7,0,5,0
1,1,2,236,32,2,2,7,90000,17,99,3183,3,30,7689,4,30,1,2315,7689,4,1,49,1,25600
1,1,2,236,33,1,2,7,90000,17,99,3183,0,0,7689,51,30,1,2071,7689,51,7,40,1,10000
1,1,2,236,34,2,2,7,71325,16,17,2954,0,0,6412,51,30,1,813,6412,51,1,52,1,6000
1,1,2,236,35,2,2,7,90000,17,99,3183,0,0,7689,3,30,1,2115,7689,3,7,52,1,3000
1,1,2,236,36,1,2,7,71325,16,17,2954,0,0,6412,3,30,1,814,6412,3,7,52,1,2000
1,1,2,242,32,2,2,7,93193,12,0,2429,0,0,8154,1,10,1,1957,8154,1,1,52,1,18000
1,1,2,244,31,2,2,7,11000,10,0,5353,0,0,8552,2,20,1,1704,8552,2,3,6,1,15000
1,1,2,245,35,2,2,7,48009.4,17,16,308,0,0,7909,1,10,1,2029,7909,1,6,0,5,0
1,1,2,250,32,2,2,7,1000,12,0,104,2,30,2765,2,22,1,435,2765,2,1,52,1,60000
1,1,2,250,33,1,2,7,56000,12,99,1257,0,0,2180,3,30,1,991,2180,3,1,37,1,6000
1,1,2,250,34,2,2,7,1000,12,0,104,0,0,3932,2,22,1,62,3932,2,1,52,1,10400
1,1,2,250,35,2,2,7,56000,12,99,1257,0,0,2180,51,30,1,797,2180,51,7,40,1,3000
1,1,2,257,39,1,2,7,20000,12,0,4453,4,30,5751,1,10,1,1324,5751,1,1,52,1,75000
1,1,2,257,41,2,2,7,25208,12,12,3271,0,0,3069,4,30,1,494,3069,4,7,0,5,0
1,1,2,263,40,1,2,7,24846.64,12,14,6283,0,0,431,1,10,1,685,431,1,1,52,1,35000
1,1,2,263,41,2,2,7,24846.64,12,14,6283,0,0,534,3,30,1,547,534,3,7,52,1,13000
1,1,2,266,36,2,2,7,137797,12,16,3748,0,0,1114,51,30,1,371,1114,51,7,52,1,6000
1,1,2,277,37,1,2,7,54000,16,16,3266,0,0,3710,4,30,1,1051,3710,4,1,44,1,8500
1,1,2,277,38,2,2,7,54000,16,16,3266,0,0,3710,3,30,1,1052,3710,3,7,0,5,0
1,1,2,284,31,1,2,7,93700,16,16,4264,4,30,4271,1,10,1,749,4271,1,1,52,1,35000
1,1,2,287,192,2,3,7,63800,16,13,2540,0,0,2655,2,30,1,698,2655,2,6,52,1,11000
1,1,2,297,49,2,2,7,38000,99,14,963,3,30,7528,1,10,1,1173,7528,1,1,51,1,16000
1,1,2,297,50,2,2,7,50000,12,8,962,5,60,8130,2,22,1,1767,8130,2,1,52,1,32000
1,1,2,297,51,1,2,7,49700,7,12,3073,0,0,4837,2,30,1,920,4837,2,1,14,1,8820
1,1,2,297,52,2,2,7,21000,8,0,6230,0,0,5221,2,20,1,596,5221,2,1,52,1,25000
1,1,2,297,53,2,2,7,50000,12,8,962,0,0,5936,3,30,1,622,5936,3,6,52,5,30000
1,1,2,297,55,2,2,7,100,12,0,1334,0,0,8390,2,30,1,1900,8390,2,1,52,1,27300
1,1,2,297,56,2,2,7,38000,99,14,963,0,0,3844,51,30,1,1444,3844,51,7,0,5,0
1,1,2,297,57,1,2,7,21000,8,0,6230,0,0,7491,1,10,1,1307,7491,1,1,49,1,37000
1,1,2,297,59,2,2,7,50000,12,8,962,0,0,5936,51,30,1,779,5936,51,7,12,1,10000
1,1,2,297,60,1,2,7,16100,99,9,6225,0,0,8499,2,60,1,2030,8499,2,1,13,1,7280
1,1,2,297,195,2,3,7,10646,12,0,4425,0,0,5550,3,30,1,436,5550,3,7,52,1,2000
1,1,2,312,33,2,2,,,,,0,0,0,4313,1,10,1,686,4313,1,2,52,1,12500
1,1,2,323,34,1,2,7,66927,16,15,1863,3,30,2742,1,10,1,437,2742,1,1,44,1,40000
1,1,2,323,35,2,2,7,66927,16,15,1863,0,0,6695,1,10,1,1089,6695,1,3,30,1,4800
1,1,2,327,33,2,2,7,38000,17,16,918,3,30,521,1,10,1,200,521,1,1,52,1,20000
1,1,2,327,35,2,2,7,38000,17,16,918,0,0,1058,2,22,1,55,1058,2,6,0,5,0
1,1,2,327,36,2,2,7,64800,10,16,3936,0,0,479,3,30,1,201,479,3,7,0,5,0
1,1,2,331,33,2,2,7,154999,16,17,5650,0,0,3208,3,30,1,308,3208,3,7,0,5,0
1,1,2,343,33,1,2,7,46467,13,15,1932,4,30,895,1,10,1,438,895,1,1,52,1,38000
1,1,2,343,34,1,2,7,69300,13,12,2043,0,0,352,3,30,1,666,352,3,7,23,1,2500
1,1,2,350,31,2,2,7,26390,17,17,2084,4,30,916,2,20,1,1518,916,2,6,0,5,0
1,1,2,352,32,2,2,7,59000,16,16,3706,0,0,2716,3,30,1,900,2716,3,7,0,5,0
1,1,2,352,33,1,2,7,59000,16,16,3706,0,0,2716,4,30,1,609,2716,4,7,0,5,0
1,1,2,354,31,1,2,7,49000,10,14,3942,3,30,7420,1,10,1,1669,7420,1,1,52,1,40000
1,1,2,354,33,1,2,7,49226.76,99,12,1560,0,0,2387,3,30,1,780,2387,3,6,18,5,200
1,1,2,356,31,2,2,7,41000,16,14,3773,3,30,5151,2,22,1,815,5151,2,7,52,1,20000
1,1,2,356,32,1,2,7,180000,13,99,4709,4,30,8259,1,10,1,2139,8259,1,1,52,1,54000
1,1,2,356,33,1,2,7,41000,16,14,3773,0,0,2361,3,30,1,965,2361,3,1,52,1,16000
1,1,2,356,34,2,2,7,180000,13,99,4709,0,0,8014,1,10,1,2296,8014,1,1,52,1,72000
1,1,2,368,33,1,2,7,41400,99,99,4631,0,0,7648,3,30,1,1484,7648,3,1,0,5,0
1,1,2,377,30,1,2,7,260500,16,16,3026,3,30,704,1,10,1,548,704,1,1,52,1,76000
1,1,2,377,31,1,2,7,260500,16,16,3026,4,30,704,2,40,1,597,704,2,1,52,5,55000
1,1,2,377,32,1,2,7,227500,17,17,2813,0,0,932,4,30,1,439,932,4,1,52,1,5400
1,1,2,377,33,1,2,7,227500,17,17,2813,0,0,932,3,30,1,440,932,3,6,0,5,0
1,1,2,409,35,2,2,7,27080,12,12,2263,0,0,3920,6,30,1,2287,3920,6,1,5,1,3306
1,1,2,419,40,2,2,7,3576,12,0,40,0,0,7237,1,10,1,1106,7237,1,6,0,5,0
1,1,2,431,30,1,2,7,14712,12,0,5333,0,0,8197,51,30,1,2022,8197,51,1,0,5,0
1,1,2,433,38,1,2,7,29478.86,13,10,1576,4,30,7404,1,10,1,1544,7404,1,7,52,1,12000
1,1,2,433,39,2,2,7,50739.52,12,12,2967,6,30,2045,2,22,1,868,2045,2,1,52,1,15000
1,1,2,433,40,1,2,7,29478.86,13,10,1576,5,30,2945,3,30,1,610,2945,3,1,36,1,500
1,1,2,452,38,1,2,7,11900,13,0,2252,2,30,7282,1,10,1,1405,7282,1,6,52,1,25000
1,1,2,452,42,2,2,7,36828,15,99,5915,0,0,4491,3,30,1,1596,4491,3,7,52,5,3000
1,1,2,455,35,2,2,7,28000,14,12,2762,0,0,7205,1,10,1,2043,7205,1,1,52,1,12000
1,1,2,461,32,2,2,7,46400,99,15,642,0,0,2086,3,30,1,901,2086,3,7,0,5,0
1,1,2,465,34,1,2,7,42000,12,0,3972,3,30,5143,1,10,1,202,5143,1,1,52,1,5000
1,1,2,473,36,1,2,7,30120,17,16,6100,3,30,8749,1,10,1,1901,8749,1,1,52,1,75000
1,1,2,473,37,2,2,7,30120,17,16,6100,0,0,7804,1,10,1,1749,7804,1,1,52,1,8000
1,1,2,476,32,2,2,7,27800,12,12,1952,0,0,509,3,30,1,1964,509,3,3,0,5,0
1,1,2,478,45,1,2,7,24717.93,9,0,1028,0,0,3141,3,30,1,1188,3141,3,1,0,5,0
1,1,2,479,30,2,2,7,56870,17,14,5094,3,30,6877,1,10,1,1475,6877,1,1,49,1,38000
1,1,2,486,31,2,2,7,43200,14,12,3569,3,30,1374,2,30,1,921,1374,2,7,52,1,6880
1,1,2,486,32,1,2,7,52627,16,13,5143,0,0,1822,1,10,1,1344,1822,1,1,26,1,32000
1,1,2,490,32,1,2,7,39900,10,16,3390,4,30,7715,1,10,1,2130,7715,1,1,52,1,44000
1,1,2,490,33,1,2,7,39900,10,16,3390,0,0,5253,3,30,1,1338,5253,3,1,11,5,3200
1,1,2,490,34,1,2,7,39900,10,16,3390,0,0,5253,4,30,1,840,5253,4,3,40,1,5000
1,1,2,495,38,1,2,7,32405.8,9,0,1549,0,0,7309,1,10,1,1555,7309,1,1,52,1,3000
1,1,2,496,32,2,2,7,36300,12,12,6180,4,30,7711,2,20,1,2116,7711,2,6,0,5,0
1,1,2,496,33,2,2,7,28300,11,0,5933,0,0,7677,51,30,1,1151,7677,51,3,52,1,7800
1,1,2,510,31,1,2,7,58000,14,16,3406,3,30,7170,1,10,1,1265,7170,1,1,11,1,20000
1,1,2,510,32,1,2,7,58000,14,16,3406,0,0,8401,1,10,1,2140,8401,1,3,0,5,0
1,1,2,514,33,2,2,7,68000,14,14,3962,0,0,9200,4,30,1,1870,9200,4,1,0,5,0
1,1,2,514,34,1,2,7,68000,14,14,3962,0,0,9200,3,30,1,1826,9200,3,1,9,1,8000
1,1,2,517,33,1,2,7,80100,16,16,5067,3,30,7946,1,10,1,1806,7946,1,1,52,1,25000
1,1,2,517,34,1,2,7,80100,16,16,5067,4,30,2241,3,30,1,1024,2241,3,1,52,1,65000
1,1,2,517,35,1,2,7,118539,16,12,2966,0,0,3044,2,30,1,63,3044,2,1,52,1,6000
1,1,2,517,36,2,2,7,118539,16,12,2966,0,0,3044,3,30,1,2146,3044,3,2,52,1,42000
1,1,2,534,32,1,2,7,51094,12,14,5115,3,30,4086,3,30,1,623,4086,3,3,52,1,5000
1,1,2,534,33,1,2,7,51094,12,14,5115,0,0,4086,4,30,1,975,4086,4,1,0,5,0
1,1,2,534,34,1,2,7,51094,12,14,5115,0,0,4086,5,30,1,841,4086,5,7,0,5,0
1,1,2,541,33,2,2,7,70000,15,0,1523,0,0,358,51,30,1,441,358,51,1,31,1,7440
1,1,2,541,34,2,2,7,70000,15,0,1523,0,0,1108,3,33,1,781,1108,3,1,52,1,4500
1,1,2,548,39,1,2,7,114600,13,14,2663,5,30,1737,6,30,1,1553,1737,6,1,24,1,20000
1,1,2,548,40,2,2,7,114600,13,14,2663,6,30,1737,3,30,1,842,1737,3,1,52,1,30000
1,1,2,548,41,1,2,7,114600,13,14,2663,0,0,1737,5,30,1,1072,1737,5,1,52,1,2000
1,1,2,548,42,1,2,7,114600,13,14,2663,0,0,1737,4,30,1,2147,1737,4,1,52,1,15000
1,1,2,556,37,1,2,7,6600,99,99,5246,3,30,8220,1,10,1,1948,8220,1,1,52,1,82000
1,1,2,556,43,2,2,7,6600,99,99,5246,0,0,4234,1,10,1,372,4234,1,7,52,1,7500
1,1,2,557,34,1,2,7,20976,99,0,5382,0,0,1004,1,10,1,611,1004,1,1,52,1,35000
1,1,2,557,35,2,2,7,20976,99,0,5382,0,0,393,3,30,1,612,393,3,2,52,1,20000
1,1,2,557,177,2,3,7,30700,99,99,306,4,30,711,2,20,1,613,711,2,1,52,1,9999999
1,1,2,557,182,1,4,7,30700,99,99,306,0,0,711,1,10,1,735,711,1,1,52,1,33280
1,1,2,563,46,1,2,7,27945,11,0,5445,6,70,4032,1,10,1,922,4032,1,1,52,1,65000
1,1,2,563,49,1,2,7,41863,14,0,5655,0,0,2759,3,30,1,2321,2759,3,99,0,9,0
1,1,2,563,50,1,2,7,46000,12,8,4625,0,0,7507,3,30,1,1416,7507,3,1,7,1,7000
1,1,2,563,51,1,2,7,11228,8,10,1618,0,0,6431,2,30,1,880,6431,2,1,0,5,0
1,1,2,563,52,2,2,7,11228,8,10,1618,0,0,7600,3,33,1,1402,7600,3,1,0,5,0
1,1,2,565,34,1,2,7,84028,17,16,3636,4,30,3822,1,10,1,442,3822,1,1,34,1,22000
1,1,2,570,36,1,2,7,51000,12,13,1975,5,30,639,3,30,1,869,639,3,1,52,1,300
1,1,2,570,37,1,2,7,51000,12,13,1975,0,0,297,2,30,1,1878,297,2,1,15,1,1950
1,1,2,570,38,1,2,7,51000,12,13,1975,0,0,297,3,30,1,2141,297,3,1,44,1,9999999
1,1,2,573,36,1,2,7,63714,13,17,2048,5,30,7514,1,10,1,1107,7514,1,1,52,5,0
1,1,2,582,35,1,2,7,38249,13,0,5339,0,0,4977,2,30,1,549,4977,2,3,52,1,8000
1,1,2,593,32,2,2,7,162400,17,16,1614,4,30,3977,2,22,1,614,3977,2,1,52,1,72000
1,1,2,593,33,2,2,7,162400,17,16,1614,5,30,3630,51,30,1,22,3630,51,7,0,5,0
1,1,2,593,34,2,2,7,106200,16,17,1104,0,0,7681,1,10,1,1750,7681,1,1,50,1,55000
1,1,2,602,36,2,2,7,10024,12,9,337,0,0,3589,2,30,1,1174,3589,2,3,52,1,450
1,1,2,605,31,2,2,7,103200,17,17,1892,3,30,1890,51,30,1,1108,1890,51,7,23,1,950
1,1,2,607,45,1,2,7,18000,13,11,2279,0,0,2472,2,30,1,2288,2472,2,1,52,1,20000
1,1,2,607,46,1,2,7,19000,13,12,2278,0,0,5490,2,30,1,2198,5490,2,1,52,1,30000
1,1,2,620,39,1,2,7,100000,13,16,985,4,30,5813,1,10,1,550,5813,1,1,52,1,43000
1,1,2,620,41,2,2,7,100000,13,16,985,0,0,4320,3,30,1,615,4320,3,7,0,5,0
1,1,2,626,45,1,2,7,63750,12,12,1972,3,30,7842,51,33,1,1983,7842,51,1,52,1,35000
1,1,2,626,47,1,2,7,7620,12,0,4515,3,30,4674,1,10,1,1064,4674,1,1,0,5,0
1,1,2,626,210,2,3,7,7620,12,0,4515,0,0,3889,2,20,1,529,3889,2,1,0,5,0
1,1,2,628,34,1,2,7,15000,17,0,6110,3,30,7443,1,10,1,1411,7443,1,1,52,1,62000
1,1,2,631,37,2,2,7,7520,12,0,6177,0,0,6003,1,10,1,551,6003,1,1,52,1,48000
1,1,2,633,41,2,2,7,44000,12,0,1239,4,30,3838,1,10,1,269,3838,1,1,52,1,15000
1,1,2,633,42,2,2,7,44000,12,0,1239,5,30,3868,2,22,1,64,3868,2,1,52,1,35000
1,1,2,633,43,2,2,7,44000,12,0,1239,0,0,2247,1,10,1,1451,2247,1,1,52,1,5000
1,1,2,634,34,2,2,7,69190,16,16,432,3,30,7340,1,10,1,1189,7340,1,6,52,1,9999999
1,1,2,634,35,2,2,7,28000,14,0,761,0,0,8185,2,30,1,2235,8185,2,1,9,1,3500
1,1,2,634,36,2,2,7,28000,14,0,761,0,0,8185,51,30,1,1705,8185,51,7,7,1,5000
1,1,2,634,37,1,2,7,69190,16,16,432,0,0,2257,3,30,1,23,2257,3,3,43,1,4200
1,1,2,634,38,1,2,7,32660,12,99,434,0,0,4371,4,30,1,203,4371,4,1,0,5,0
1,1,2,641,33,1,2,7,26500,15,15,5675,0,0,1834,51,30,1,1469,1834,51,7,36,1,2500
1,1,2,647,35,2,2,7,49657,13,14,3861,0,0,5070,2,22,1,552,5070,2,7,0,5,0
1,1,2,649,35,1,2,7,48686,12,12,4699,0,0,3415,2,30,1,1231,3415,2,1,52,1,26000
1,1,2,652,37,1,2,7,77500,12,16,1938,3,30,1493,3,30,1,640,1493,3,1,52,1,63100
1,1,2,654,33,1,2,7,5976,13,0,1343,3,30,7390,1,10,1,1559,7390,1,1,45,1,17000
1,1,2,654,34,1,2,7,5976,13,0,1343,0,0,7390,2,40,1,1412,7390,2,1,27,1,1100
1,1,2,655,30,2,2,7,128350,16,16,28,3,30,1601,1,10,1,1079,1601,1,1,52,1,37000
1,1,2,655,33,1,2,7,128350,16,16,28,0,0,1238,3,30,1,729,1238,3,7,9,1,1512
1,1,2,656,35,1,2,7,38570,14,16,3845,5,30,3454,1,10,1,56,3454,1,1,52,1,45000
1,1,2,656,36,1,2,7,129500,16,12,4887,0,0,5131,3,30,1,997,5131,3,1,52,1,23000
1,1,2,673,34,2,2,7,20000,16,0,5954,0,0,8529,1,10,1,2316,8529,1,1,52,1,50000
1,1,2,673,36,1,2,7,20000,16,0,5954,0,0,2912,3,33,1,699,2912,3,7,52,1,10000
1,1,2,674,31,2,2,7,54000,12,12,2204,3,30,1198,2,30,1,804,1198,2,1,13,1,6256
1,1,2,674,33,1,2,7,54000,12,12,2204,0,0,1198,3,30,1,309,1198,3,1,52,1,20000
1,1,2,686,36,2,2,7,25910,10,12,3788,6,60,4848,5,70,1,583,4848,5,1,52,1,19760
1,1,2,691,36,2,2,7,59500,14,12,2554,3,30,4266,2,22,1,24,4266,2,1,52,1,49000
1,1,2,691,37,2,2,7,75000,14,12,80,0,0,3722,3,30,1,687,3722,3,7,0,5,0
1,1,2,706,32,2,2,7,64000,11,13,1965,0,0,1824,3,30,1,1512,1824,3,7,17,1,9000
1,1,2,707,32,2,2,7,25000,14,12,3381,4,30,4773,1,10,1,65,4773,1,1,52,1,40000
1,1,2,707,33,1,2,7,25000,14,12,3381,0,0,8960,1,10,1,1751,8960,1,2,52,1,18000
1,1,2,709,39,1,2,7,69400,12,12,3482,4,30,5229,1,10,1,1670,5229,1,1,52,1,50000
1,1,2,709,40,2,2,7,35093,11,10,4019,6,60,7690,2,22,1,2018,7690,2,3,51,1,9999999
1,1,2,709,41,1,2,7,59200,13,11,2573,0,0,3917,2,30,1,310,3917,2,3,0,5,0
1,1,2,709,43,2,2,7,35093,11,10,4019,0,0,3965,3,33,1,2064,3965,3,1,52,1,9999999
1,1,2,709,44,1,2,7,35093,11,10,4019,0,0,2493,3,33,1,976,2493,3,6,3,1,1400
1,1,2,709,46,2,2,7,59200,13,11,2573,0,0,3917,3,30,1,311,3917,3,7,0,5,0
1,1,2,713,39,1,2,7,39560,12,12,1580,3,30,6799,3,30,1,1325,6799,3,1,14,1,7200
1,1,2,717,33,1,2,7,63200,16,16,4475,4,30,3772,1,10,1,495,3772,1,1,52,1,10000
1,1,2,719,32,1,2,7,41900,12,14,5410,0,0,9170,1,10,1,1968,9170,1,1,0,5,0
1,1,2,719,33,1,2,7,96000,14,17,2168,0,0,7552,1,10,1,1308,7552,1,1,26,1,4000
1,1,2,719,34,1,2,7,96000,14,17,2168,0,0,5492,51,30,1,204,5492,51,7,24,1,2880
1,1,2,722,35,1,2,7,19690,12,11,2045,3,30,7503,1,10,1,1617,7503,1,1,52,1,22000
1,1,2,722,36,1,2,7,26500,99,10,768,0,0,5304,51,30,1,443,5304,51,1,52,1,31980
1,1,2,722,37,1,2,7,19690,12,11,2045,0,0,7203,1,10,1,1942,7203,1,99,52,1,83000
1,1,2,727,31,1,2,7,78407,12,17,4718,0,0,5237,3,30,1,2169,5237,3,3,27,1,5000
1,1,2,728,33,1,2,7,25500,11,11,5108,3,30,470,1,10,1,1661,470,1,1,52,1,35000
1,1,2,728,34,2,2,7,25500,11,11,5108,0,0,1018,1,10,1,1090,1018,1,7,52,1,15000
1,1,2,729,41,2,2,7,36870,11,12,1226,5,30,4458,1,10,1,1053,4458,1,1,52,1,40000
1,1,2,729,42,2,2,7,27800,5,12,2274,5,35,7019,1,10,1,1545,7019,1,1,52,1,20000
1,1,2,729,44,1,2,7,33635,12,12,1936,0,0,9106,1,10,1,1807,9106,1,1,52,1,30000
1,1,2,733,174,1,3,7,62500,14,12,5742,0,0,7374,1,10,1,2088,7374,1,3,0,5,0
1,1,2,733,175,1,3,7,62500,14,12,5742,0,0,7570,1,10,1,1576,7570,1,1,52,1,25000
1,1,2,734,34,1,2,7,58940,16,14,5629,0,0,7736,1,10,1,1706,7736,1,1,35,1,52375
1,1,2,734,36,2,2,7,98000,12,12,3369,0,0,2929,1,10,1,530,2929,1,1,52,1,61000
1,1,2,734,37,1,2,7,98000,12,12,3369,0,0,2641,4,30,1,553,2641,4,1,26,1,7000
1,1,2,734,38,1,2,7,98000,12,12,3369,0,0,2641,3,30,1,998,2641,3,3,52,5,2000
1,1,2,734,39,2,2,7,58940,16,14,5629,0,0,7196,3,30,1,1293,7196,3,7,0,5,0
1,1,2,749,36,2,2,7,6200,11,0,5819,0,0,3873,2,22,1,2,3873,2,6,0,5,0
1,1,2,749,37,2,2,7,6200,11,0,5819,0,0,7458,3,30,1,1529,7458,3,1,1,1,522
1,1,2,749,38,2,2,7,6200,11,0,5819,0,0,7458,4,30,1,1590,7458,4,1,0,5,0
1,1,2,750,32,1,2,7,55940,12,13,573,4,30,4331,1,10,1,312,4331,1,1,52,1,34050
1,1,2,750,33,2,2,7,44700,13,12,1476,3,30,5795,2,22,1,816,5795,2,1,52,1,50000
1,1,2,750,34,1,2,7,37750,12,14,1917,4,30,3744,3,30,1,966,3744,3,1,27,1,20769
1,1,2,750,35,2,2,7,55940,12,13,573,0,0,7262,1,10,1,1109,7262,1,1,52,1,11922
1,1,2,751,37,1,2,7,20236,14,0,1407,2,30,7607,5,30,1,1591,7607,5,1,0,5,0
1,1,2,751,38,1,2,7,20236,14,0,1407,3,30,8404,1,10,1,1853,8404,1,1,52,1,20000
1,1,2,751,39,2,2,7,41700,13,11,4604,3,30,3467,1,10,1,531,3467,1,1,52,1,35000
1,1,2,751,40,1,2,7,20236,14,0,1407,0,0,8419,1,10,1,1961,8419,1,5,0,5,0
1,1,2,751,41,1,2,7,88930,13,15,541,0,0,8192,3,30,1,1752,8192,3,7,0,5,0
1,1,2,751,42,2,2,7,41700,13,11,4604,0,0,3768,2,30,1,977,3768,2,1,0,5,0
1,1,2,762,32,2,2,7,54375,13,14,2120,0,0,7312,3,30,1,1623,7312,3,1,15,1,1800
1,1,2,769,39,1,2,7,46775,13,13,1636,5,30,4492,3,30,1,2122,4492,3,1,49,1,2700
1,1,2,769,40,2,2,7,97800,16,12,864,0,0,8357,1,10,1,2048,8357,1,7,52,1,36000
1,1,2,773,38,1,2,7,60825,10,12,5614,0,0,4802,3,30,1,1281,4802,3,1,52,1,9999999
1,1,2,773,39,1,2,7,60825,10,12,5614,0,0,4802,4,30,1,270,4802,4,1,0,5,0
1,1,2,775,31,2,2,7,40880,17,17,1304,3,30,4840,1,10,1,205,4840,1,6,52,1,21000
1,1,2,775,32,2,2,7,40880,17,17,1304,0,0,2595,3,30,1,1614,2595,3,7,0,5,0
1,1,2,780,34,2,2,7,89780,12,12,1797,0,0,1266,2,30,1,708,1266,2,3,0,5,0
1,1,2,783,31,2,2,7,88400,17,99,5534,3,30,4244,2,20,1,3,4244,2,1,52,1,52000
1,1,2,783,32,1,2,7,160500,16,17,4777,3,30,6655,51,30,1,750,6655,51,1,44,1,50000
1,1,2,783,33,2,2,7,88400,17,99,5534,0,0,8591,2,22,1,1726,8591,2,1,26,1,9999999
1,1,2,783,34,2,2,7,46020,16,16,4376,0,0,4139,51,30,1,843,4139,51,1,52,1,7300
1,1,2,783,35,2,2,7,88400,17,99,5534,0,0,2250,3,30,1,271,2250,3,7,31,1,6000
1,1,2,783,36,2,2,7,46020,16,16,4376,0,0,4139,3,30,1,641,4139,3,7,52,1,3000
1,1,2,783,173,1,3,7,160500,16,17,4777,0,0,6655,2,30,1,1859,6655,2,1,52,1,9999999
1,1,2,789,31,2,2,7,50318,14,12,2108,0,0,8421,1,10,1,1753,8421,1,1,52,1,33800
1,1,2,826,33,2,2,7,43208,9,0,1650,0,0,4132,1,10,1,272,4132,1,1,52,1,24000
1,1,2,826,34,1,2,7,43208,9,0,1650,0,0,1976,3,33,1,642,1976,3,1,52,1,40000
1,1,2,826,36,2,2,7,43208,9,0,1650,0,0,1976,4,30,1,722,1976,4,1,1,1,290
1,1,2,833,36,1,2,7,37200,12,0,3795,3,30,7198,1,10,1,2289,7198,1,1,52,1,30000
1,1,2,833,38,2,2,7,41000,12,99,2903,0,0,7099,2,22,1,1707,7099,2,1,17,1,5000
1,1,2,834,35,1,2,7,10774,14,0,5284,3,30,7435,1,10,1,2098,7435,1,1,52,1,17000
1,1,2,835,32,2,2,7,45549,13,17,2604,0,0,1923,1,10,1,1266,1923,1,7,30,1,30000
1,1,2,835,33,1,2,7,119175,16,16,3918,0,0,1765,3,30,1,1513,1765,3,7,27,1,8100
1,1,2,835,34,2,2,7,45549,13,17,2604,0,0,1258,3,30,1,723,1258,3,7,27,1,3000
1,1,2,840,42,2,2,7,3264,10,0,615,4,60,7352,1,10,1,1152,7352,1,3,23,1,11500
1,1,2,840,45,1,2,7,24918.04,11,0,613,0,0,5249,1,10,1,4,5249,1,2,52,1,9999999
1,1,2,840,46,2,2,7,20172,8,0,1654,0,0,8206,1,10,1,1727,8206,1,3,0,5,0
1,1,2,840,48,2,2,7,24918.04,11,0,613,0,0,4933,3,30,1,398,4933,3,1,52,1,2160
1,1,2,840,49,1,2,7,3264,10,0,615,0,0,7310,1,10,1,1175,7310,1,3,0,5,0
1,1,2,840,194,2,3,7,24918.04,11,0,613,0,0,8886,2,22,1,1671,8886,2,6,11,1,20000
1,1,2,843,31,1,2,7,62500,14,15,3946,0,0,1013,1,10,1,817,1013,1,1,52,1,15000
1,1,2,844,36,2,2,7,9398.64,12,14,5574,0,0,8452,1,10,1,1738,8452,1,7,52,1,18000
1,1,2,844,37,2,2,7,9398.64,12,14,5574,0,0,7401,2,30,1,1110,7401,2,7,52,1,4000
1,1,2,846,193,1,3,7,12000,12,0,4368,0,0,4403,3,30,1,2040,4403,3,7,0,5,0
1,1,2,848,30,1,2,7,27489,14,13,213,0,0,4465,2,30,1,643,4465,2,1,23,1,15000
1,1,2,853,30,2,2,7,105100,16,17,1070,3,30,7675,1,10,1,1176,7675,1,1,48,1,15000
1,1,2,853,31,2,2,7,105100,16,17,1070,0,0,4963,3,30,1,1816,4963,3,1,52,1,6000
1,1,2,863,35,1,2,7,84400,14,16,3786,4,30,6665,1,10,1,1519,6665,1,1,28,1,40000
1,1,2,863,36,1,2,7,84400,14,16,3786,5,30,4038,4,30,1,532,4038,4,1,18,1,15000
1,1,2,863,37,1,2,7,84400,14,16,3786,0,0,4038,5,30,1,51,4038,5,1,23,1,28750
1,1,2,866,34,2,2,7,45560,9,12,1098,0,0,4663,2,20,1,923,4663,2,6,0,5,0
1,1,2,868,34,2,2,7,152400,16,14,3198,3,30,5244,2,20,1,415,5244,2,1,51,1,74672
1,1,2,868,36,1,2,7,152400,16,14,3198,4,30,5267,2,30,1,57,5267,2,1,52,1,24000
1,1,2,875,34,1,2,7,75525,14,12,1370,6,30,7442,3,30,1,1354,7442,3,1,52,1,500
1,1,2,876,32,1,2,7,41800,12,12,944,0,0,1208,2,30,1,206,1208,2,1,52,1,30000
1,1,2,893,32,1,2,7,191344,16,13,3943,4,30,7861,1,10,1,1739,7861,1,1,0,5,0
1,1,2,894,33,2,2,7,37681,15,17,5598,0,0,2132,3,30,1,496,2132,3,7,52,1,10000
1,1,2,894,35,1,2,7,37681,15,17,5598,0,0,2132,4,30,1,497,2132,4,1,52,1,8000
1,1,2,897,35,1,2,7,60750,13,12,4419,3,60,2955,1,10,1,66,2955,1,1,0,5,0
1,1,2,897,36,1,2,7,24100,13,0,5384,0,0,4105,3,30,1,554,4105,3,1,52,5,12000
1,1,2,897,37,2,2,7,39192,12,12,3278,0,0,3620,2,30,1,1025,3620,2,6,0,5,0
1,1,2,898,33,1,2,7,97055,16,15,1320,3,30,4695,1,10,1,498,4695,1,1,50,1,22000
1,1,2,899,34,1,2,7,44000,10,9,2550,0,0,8709,1,10,1,1817,8709,1,7,52,1,55000
1,1,2,904,30,2,2,7,78954,12,15,2716,0,0,1262,2,30,1,373,1262,2,1,52,1,20000
1,1,2,910,38,1,2,7,32000,16,0,2046,0,0,1077,51,30,1,978,1077,51,7,52,1,15000
1,1,2,915,36,1,2,7,30000,14,13,2980,5,30,1383,1,10,1,798,1383,1,1,44,1,6500
1,1,2,921,31,1,2,7,27285,12,0,1193,0,0,6012,2,30,1,782,6012,2,3,0,5,0
1,1,2,922,34,2,2,7,61500,14,14,2976,4,30,2578,3,30,1,67,2578,3,1,52,1,40560
1,1,2,922,35,1,2,7,108000,15,12,2403,3,30,4412,3,30,1,68,4412,3,1,27,1,35000
1,1,2,922,36,1,2,7,92301.3,16,16,1588,3,30,3301,2,30,1,69,3301,2,1,52,1,75000
1,1,2,922,37,1,2,7,92301.3,16,16,1588,0,0,3301,3,30,1,70,3301,3,1,52,1,20000
1,1,2,922,38,1,2,7,92301.3,16,16,1588,0,0,3301,4,30,1,1026,3301,4,1,0,5,0
1,1,2,923,30,2,2,7,105150,11,16,1295,0,0,589,3,30,1,1452,589,3,7,0,5,0
1,1,2,931,32,1,2,7,26000,12,99,71,3,30,4480,1,10,1,25,4480,1,1,52,1,26000
1,1,2,931,33,1,2,7,26000,12,99,71,4,30,5535,1,10,1,555,5535,1,1,52,1,28000
1,1,2,934,34,2,2,7,21000,13,15,5450,0,0,4145,1,10,1,313,4145,1,1,52,1,6000
1,1,2,934,35,1,2,7,61000,16,17,5228,0,0,8010,3,30,1,2148,8010,3,1,52,1,9999999
1,1,2,934,36,1,2,7,21000,13,15,5450,0,0,6377,1,10,1,2236,6377,1,3,26,1,10000
1,1,2,934,37,2,2,7,61000,16,17,5228,0,0,8010,4,30,1,1993,8010,4,7,0,5,0
1,1,2,935,33,2,2,7,112300,16,12,4483,3,30,3883,2,20,1,273,3883,2,1,52,1,59000
1,1,2,935,34,1,2,7,18550,12,0,4474,3,30,2355,1,10,1,2108,2355,1,1,52,1,25000
1,1,2,939,36,2,2,7,25010,16,0,5407,0,0,7981,3,30,1,1776,7981,3,7,0,5,0
1,1,2,941,37,2,2,7,25080,9,12,443,3,30,4356,2,20,1,1080,4356,2,1,52,1,27866
1,1,2,941,38,1,2,7,47310,12,0,2574,3,30,2772,1,10,1,71,2772,1,1,52,1,20000
1,1,2,941,40,1,2,7,33070.78,12,12,584,0,0,7147,1,10,1,1473,7147,1,1,52,1,25000
1,1,2,951,32,2,2,7,68880,16,16,3623,0,0,4395,2,20,1,58,4395,2,1,52,1,25000
1,1,2,961,38,1,2,7,30000,11,14,5680,5,30,5749,2,30,1,881,5749,2,1,52,1,31000
1,1,2,961,40,2,2,7,13812,12,0,38,0,0,3853,2,30,1,1413,3853,2,1,52,5,300
1,1,2,991,34,2,2,7,25000,16,0,4150,0,0,2743,51,30,1,1282,2743,51,7,18,5,6000
1,1,2,991,36,2,2,7,25000,16,0,4150,0,0,2743,3,30,1,72,2743,3,7,52,1,4000
1,1,2,998,32,2,2,7,60100,16,16,2024,4,30,3840,1,10,1,5,3840,1,1,11,1,11000
1,1,2,998,33,2,2,7,60100,16,16,2024,5,30,7517,1,10,1,1243,7517,1,1,52,1,25000
1,1,2,1014,33,1,2,7,72000,17,17,2548,0,0,4290,3,30,1,598,4290,3,1,52,1,55900
1,1,2,1014,34,2,2,7,72000,17,17,2548,0,0,4290,4,30,1,499,4290,4,7,0,5,0
1,1,2,1033,31,2,2,7,24024,16,16,5796,3,30,7415,52,30,1,1309,7415,52,7,5,1,700
1,1,2,1033,32,2,2,7,24024,16,16,5796,0,0,7415,51,30,1,1854,7415,51,7,52,1,2000
1,1,2,1036,32,1,2,7,31990,14,0,2174,0,0,76,51,30,1,314,76,51,6,0,5,0
1,1,2,1036,33,1,2,7,26000,16,0,3213,0,0,547,3,30,1,1190,547,3,7,7,1,458
1,1,2,1036,34,1,2,7,26000,16,0,3213,0,0,547,4,30,1,1177,547,4,7,0,5,0
1,1,2,1036,35,2,2,7,26000,16,0,3213,0,0,547,5,30,1,999,547,5,7,35,1,300
1,1,2,1038,33,2,2,7,39900,11,15,2332,3,30,5288,2,20,1,444,5288,2,1,27,1,19000
1,1,2,1038,34,2,2,7,39900,11,15,2332,0,0,3851,2,20,1,274,3851,2,1,52,1,52000
1,1,2,1043,38,2,2,7,54000,12,14,3542,4,30,4300,2,20,1,315,4300,2,1,52,1,9999999
1,1,2,1043,39,1,2,7,13700,8,0,3391,0,0,4629,2,30,1,500,4629,2,3,5,1,1000
1,1,2,1043,179,1,3,7,45472,12,0,3545,4,60,5812,1,10,1,1550,5812,1,1,34,1,9999999
1,1,2,1048,41,2,2,7,34000,10,8,2838,0,0,7980,3,30,1,1871,7980,3,6,11,1,500
1,1,2,1048,42,1,2,7,34000,10,8,2838,0,0,3926,1,10,1,73,3926,1,1,52,1,12400
1,1,2,1048,47,2,2,7,34000,10,8,2838,0,0,7578,4,30,1,1845,7578,4,3,0,5,0
1,1,2,1048,203,2,3,7,34000,10,8,2838,0,0,3741,2,22,1,818,3741,2,1,52,1,41000
1,1,2,1048,247,1,3,,,,,0,0,0,6483,1,10,1,1073,6483,1,1,0,5,0
1,1,2,1051,42,2,2,7,30833,14,0,5370,3,30,8034,2,22,1,2109,8034,2,1,0,5,0
1,1,2,1051,48,2,2,7,64000,14,13,4605,0,0,4872,3,30,1,74,4872,3,1,18,1,12000
1,1,2,1055,183,2,3,7,53001,13,12,301,0,0,7348,1,10,1,1609,7348,1,1,52,1,11000
1,1,2,1060,32,1,2,7,12500,16,14,3871,3,30,4346,1,10,1,1027,4346,1,2,52,1,26000
1,1,2,1060,33,2,2,7,12500,16,14,3871,0,0,3401,3,33,1,736,3401,3,1,40,1,7000
1,1,2,1060,34,2,2,7,12500,16,14,3871,0,0,3401,4,33,1,819,3401,4,1,0,5,0
1,1,2,1064,33,1,2,7,100000,16,16,424,0,0,1731,52,30,1,1406,1731,52,7,52,1,7000
1,1,2,1064,35,1,2,7,100000,16,16,424,0,0,1731,51,30,1,1453,1731,51,7,10,1,2500
1,1,2,1066,36,1,2,7,29189,9,12,127,0,0,5448,2,30,1,644,5448,2,3,52,1,17680
1,1,2,1066,37,1,2,7,16720,7,11,472,0,0,2367,4,33,1,799,2367,4,1,52,1,20000
1,1,2,1066,38,1,2,7,29189,9,12,127,0,0,3774,3,33,1,399,3774,3,3,0,5,0
1,1,2,1066,176,2,3,7,16720,7,11,472,0,0,2713,2,22,1,667,2713,2,1,7,1,3500
1,1,2,1068,32,2,2,7,51300,13,13,128,3,30,4041,2,20,1,730,4041,2,6,0,5,0
1,1,2,1068,34,1,2,7,31000,13,0,6167,0,0,2592,2,65,1,2072,2592,2,6,0,5,0
1,1,2,1070,32,1,2,7,99015,16,14,1775,0,0,306,2,30,1,724,306,2,7,0,5,0
1,1,2,1072,33,1,2,7,54000,12,14,1875,0,0,1760,3,30,1,1074,1760,3,1,52,1,2080
1,1,2,1083,32,2,2,7,35700,99,99,2643,0,0,8275,51,30,1,1754,8275,51,7,0,5,0
1,1,2,1088,37,2,2,7,23000,12,10,4516,3,30,7746,2,20,1,2333,7746,2,99,46,1,25000
1,1,2,1088,38,1,2,7,23000,12,10,4516,4,30,6514,2,30,1,2265,6514,2,3,0,5,0
1,1,2,1088,39,1,2,7,151400,14,12,2379,0,0,7798,3,30,1,1740,7798,3,1,52,1,30000
1,1,2,1088,42,2,2,7,151400,14,12,2379,0,0,7798,4,30,1,1818,7798,4,1,52,1,10000
1,1,2,1092,34,1,2,7,66400,16,16,2931,5,30,5313,1,10,1,709,5313,1,1,52,1,100000
1,1,2,1093,35,1,2,7,80400,16,13,83,5,30,8316,1,10,1,1755,8316,1,1,0,5,0
1,1,2,1094,32,2,2,7,31000,13,0,5652,0,0,8460,1,10,1,2026,8460,1,1,21,1,15000
1,1,2,1094,33,1,2,7,31000,13,0,5652,0,0,3745,3,30,1,1587,3745,3,1,18,1,9999999
1,1,2,1096,33,1,2,7,14500,99,0,74,4,60,1993,1,10,1,374,1993,1,1,52,1,50000
1,1,2,1096,34,2,2,7,14500,99,0,74,0,0,4000,2,20,1,445,4000,2,6,0,5,0
1,1,2,1096,35,2,2,7,14500,99,0,74,0,0,3960,3,30,1,446,3960,3,6,24,5,2000
1,1,2,1096,37,2,2,7,14500,99,0,74,0,0,7244,3,33,1,2253,7244,3,1,52,1,9999999
1,1,2,1098,32,1,2,7,62200,12,16,421,3,30,7343,1,10,1,1504,7343,1,6,52,1,52000
1,1,2,1098,33,2,2,7,62200,12,16,421,4,30,3077,51,30,1,935,3077,51,7,52,5,12000
1,1,2,1098,35,2,2,7,11130,16,0,5607,0,0,7204,1,10,1,1326,7204,1,1,47,1,12000
1,1,2,1100,33,2,2,7,36000,10,12,4630,5,30,347,2,30,1,207,347,2,1,40,5,1800
1,1,2,1121,35,2,2,7,32000,12,13,1909,0,0,8433,1,10,1,2104,8433,1,1,52,1,28000
1,1,2,1126,36,2,2,7,48000,14,14,61,4,30,5189,2,20,1,1372,5189,2,1,52,1,60000
1,1,2,1127,30,2,2,7,33500,15,15,1230,3,30,7857,1,10,1,1672,7857,1,1,52,1,24000
1,1,2,1127,31,1,2,7,33500,15,15,1230,0,0,7178,2,30,1,1111,7178,2,7,26,1,1400
1,1,2,1127,32,1,2,7,17480,16,0,3615,0,0,7631,1,10,1,1294,7631,1,7,28,1,8000
1,1,2,1127,33,2,2,7,17480,16,0,3615,0,0,3948,2,30,1,316,3948,2,7,27,1,5058
1,1,2,1131,33,2,2,7,35900,12,0,4639,4,30,5883,1,10,1,1153,5883,1,1,52,1,30000
1,1,2,1131,34,2,2,7,35900,12,0,4639,5,30,2479,2,20,1,936,2479,2,1,52,1,37000
1,1,2,1141,37,2,2,7,28220,10,10,516,4,30,4896,2,60,1,556,4896,2,7,52,1,23790
1,1,2,1141,38,1,2,7,28220,10,10,516,0,0,4896,52,60,1,557,4896,52,7,0,5,0
1,1,2,1141,179,1,3,7,28220,10,10,516,3,30,4896,51,60,1,1440,4896,51,1,31,1,10000
1,1,2,1142,33,1,2,7,52010,12,13,680,3,30,8508,1,10,1,1791,8508,1,7,52,1,59000
1,1,2,1144,36,2,2,7,47000,12,12,2160,3,30,3823,2,20,1,75,3823,2,1,52,1,42000
1,1,2,1151,41,2,2,7,112200,16,17,3072,0,0,7131,1,10,1,1366,7131,1,1,52,1,36000
1,1,2,1152,38,1,2,7,52362,12,9,4424,4,30,7628,1,10,1,1373,7628,1,1,52,1,31620
1,1,2,1152,39,2,2,7,25030,17,0,6209,0,0,3924,52,30,1,317,3924,52,7,52,1,18000
1,1,2,1152,40,2,2,7,25030,17,0,6209,0,0,3924,51,30,1,416,3924,51,1,52,1,10543
1,1,2,1152,41,1,2,7,177181,17,12,3070,0,0,2879,51,30,1,417,2879,51,1,14,5,0
1,1,2,1152,42,2,2,7,27020,16,0,6307,0,0,3060,3,30,1,318,3060,3,7,0,5,0
1,1,2,1152,43,1,2,7,177181,17,12,3070,0,0,5635,3,30,1,76,5635,3,6,0,5,0
1,1,2,1152,190,2,3,7,177181,17,12,3070,0,0,4367,1,10,1,77,4367,1,1,52,1,30480
1,1,2,1161,31,2,2,7,58500,12,16,6170,0,0,4181,51,30,1,78,4181,51,7,52,1,8600
1,1,2,1161,32,1,2,7,58500,12,16,6170,0,0,4181,2,30,1,208,4181,2,7,0,5,0
1,1,2,1163,44,1,2,7,75700,16,16,4966,5,30,3648,1,10,1,1792,3648,1,7,52,1,1500
1,1,2,1163,45,1,2,7,48300,16,16,4967,3,30,3863,1,10,1,6,3863,1,1,52,1,150000
1,1,2,1163,46,2,2,7,48300,16,16,4967,0,0,7569,1,10,1,1386,7569,1,1,31,1,5000
1,1,2,1163,47,1,2,7,48300,16,16,4967,0,0,7139,51,30,1,1244,7139,51,6,0,5,0
1,1,2,1163,48,2,2,7,79300,16,16,4734,0,0,7965,51,30,1,1728,7965,51,1,26,1,200
1,1,2,1167,46,1,2,7,40000,12,12,3259,4,30,6707,1,10,1,1476,6707,1,3,24,1,5000
1,1,2,1167,48,2,2,7,40000,12,12,3259,0,0,3421,2,30,1,2031,3421,2,3,52,1,10000
1,1,2,1168,38,1,2,7,14140,12,0,2225,4,30,8310,1,10,1,1708,8310,1,2,36,1,40000
1,1,2,1168,40,1,2,7,22000,12,0,2223,0,0,7284,2,30,1,1454,7284,2,7,0,5,0
1,1,2,1168,44,2,2,7,11124,3,0,2531,0,0,8635,1,10,1,1905,8635,1,1,52,1,22000
1,1,2,1168,45,1,2,7,11124,3,0,2531,0,0,6441,3,30,1,1834,6441,3,3,0,5,0
1,1,2,1168,46,1,2,7,11124,3,0,2531,0,0,6441,4,30,1,1835,6441,4,3,0,5,0
1,1,2,1168,47,1,2,7,22000,12,0,2223,0,0,7284,5,30,1,2334,7284,5,99,0,9,0
1,1,2,1168,49,2,2,7,14140,12,0,2225,0,0,7240,2,30,1,1196,7240,2,3,0,5,0
1,1,2,1168,184,2,3,7,11124,3,0,2531,0,0,6441,8,33,1,1836,6441,8,3,0,5,0
1,1,2,1184,46,1,2,7,74200,16,16,5091,4,30,7868,3,30,1,2202,7868,3,1,10,1,4000
1,1,2,1184,47,2,2,7,17599.7,13,0,4877,0,0,6812,51,30,1,1178,6812,51,7,0,5,0
1,1,2,1185,34,2,2,7,97000,15,15,4022,4,30,1406,1,10,1,79,1406,1,1,52,1,15000
1,1,2,1185,36,1,2,7,97000,15,15,4022,0,0,1209,51,30,1,80,1209,51,2,1,5,1000
1,1,2,1200,34,1,2,7,136400,13,12,4742,3,30,1652,3,30,1,882,1652,3,1,0,5,0
1,1,2,1200,35,1,2,7,94400,17,17,3767,0,0,1722,3,30,1,1603,1722,3,7,2,1,9999999
1,1,2,1203,33,2,2,7,43000,17,0,5758,0,0,6237,2,30,1,1327,6237,2,1,20,1,2700
1,1,2,1211,30,1,2,7,90200,16,0,5857,0,0,8513,1,10,1,2149,8513,1,1,52,1,12000
1,1,2,1213,32,1,2,7,70000,16,0,5357,0,0,1508,4,30,1,584,1508,4,7,0,5,0
1,1,2,1213,33,1,2,7,70000,16,0,5357,0,0,1508,5,30,1,1283,1508,5,1,52,1,10000
1,1,2,1221,36,1,2,7,98950,16,16,750,4,30,7928,51,30,1,2170,7928,51,7,0,5,0
1,1,2,1221,37,1,2,7,98950,16,16,750,0,0,8458,1,10,1,1709,8458,1,1,0,5,0
1,1,2,1222,37,2,2,7,13605.58,14,12,2077,0,0,4647,3,30,1,1570,4647,3,1,0,5,0
1,1,2,1222,38,2,2,7,13605.58,14,12,2077,0,0,3953,3,30,1,844,3953,3,7,52,1,12000
1,1,2,1227,35,1,2,7,99019.36,16,17,3913,4,30,4144,1,10,1,624,4144,1,1,42,1,9999999
1,1,2,1230,31,2,2,7,63000,14,16,3022,3,30,3308,51,30,1,902,3308,51,5,52,1,6000
1,1,2,1230,32,1,2,7,63000,14,16,3022,0,0,7964,1,10,1,1949,7964,1,7,25,1,15000
1,1,2,1236,32,1,2,7,69900,13,13,1355,3,30,5002,1,10,1,447,5002,1,1,52,1,9999999
1,1,2,1236,34,2,2,7,69900,13,13,1355,0,0,4434,51,30,1,1470,4434,51,1,24,1,2000
1,1,2,1258,33,1,2,7,46238,12,99,731,5,30,1153,2,30,1,81,1153,2,1,52,1,2
1,1,2,1258,34,2,2,7,26665,13,15,1491,4,30,590,1,10,1,418,590,1,1,52,1,45000
1,1,2,1260,42,2,2,7,10600,13,0,5436,2,30,4813,2,20,1,967,4813,2,2,52,1,33500
1,1,2,1267,32,2,2,7,26000,99,0,5122,0,0,502,3,30,1,2254,502,3,1,0,5,0
1,1,2,1269,33,2,2,7,30200,14,12,2479,4,30,4821,2,22,1,585,4821,2,1,52,1,16000
1,1,2,1269,34,1,2,7,61620,11,13,5842,0,0,3555,3,30,1,448,3555,3,1,52,1,8000
1,1,2,1269,35,1,2,7,43000,15,99,1142,0,0,5527,3,33,1,209,5527,3,1,23,1,12000
1,1,2,1269,177,2,3,7,61620,11,13,5842,0,0,7945,1,10,1,1929,7945,1,1,33,1,7000
1,1,2,1284,34,1,2,7,54000,17,17,5640,0,0,3760,4,30,1,449,3760,4,7,19,1,4600
1,1,2,1284,35,1,2,7,173500,17,16,2464,0,0,8650,51,30,1,1808,8650,51,7,0,5,0
1,1,2,1300,34,2,2,7,53100,16,16,5937,0,0,7727,3,30,1,1879,7727,3,3,0,5,0
1,1,2,1301,32,2,2,7,26126,14,14,4813,0,0,1657,3,60,1,1191,1657,3,1,10,1,2048
1,1,2,1314,30,1,2,7,50140,14,16,3581,0,0,5110,1,10,1,450,5110,1,1,52,1,40000
1,1,2,1314,31,2,2,7,50140,14,16,3581,0,0,8372,2,30,1,1673,8372,2,1,52,1,9999999
1,1,2,1314,32,1,2,7,48000,16,16,3777,0,0,3152,3,30,1,1100,3152,3,1,40,1,15840
1,1,2,1314,33,2,2,7,50140,14,16,3581,0,0,8372,3,30,1,1674,8372,3,7,0,5,0
1,1,2,1315,36,2,2,7,32010,13,12,365,3,30,4393,2,20,1,451,4393,2,6,11,1,6000
1,1,2,1315,39,2,2,7,32010,13,12,365,5,30,3088,2,20,1,737,3088,2,6,0,5,0
1,1,2,1332,33,2,2,7,18000,12,0,5854,4,30,2505,3,30,1,937,2505,3,1,52,1,22000
1,1,2,1335,52,1,2,7,44500,11,12,1765,6,30,7668,1,10,1,1577,7668,1,1,52,1,80000
1,1,2,1335,54,1,2,7,39100,12,13,862,4,30,5152,1,10,1,845,5152,1,1,52,1,80000
1,1,2,1335,55,1,2,7,40220,16,12,1269,4,30,3984,1,10,1,846,3984,1,3,0,5,0
1,1,2,1335,56,2,2,7,27000,15,99,859,3,30,2995,1,10,1,210,2995,1,1,52,1,52000
1,1,2,1335,57,2,2,7,28800,12,15,132,0,0,5203,51,30,1,1592,5203,51,7,52,1,9999999
1,1,2,1335,62,1,2,7,56998,13,13,4274,0,0,4511,2,30,1,82,4511,2,1,52,5,20000
1,1,2,1335,65,2,2,7,56998,13,13,4274,0,0,4511,3,30,1,1846,4511,3,1,52,1,18200
1,1,2,1335,66,2,2,7,26731,12,12,474,0,0,7823,3,30,1,1935,7823,3,1,39,1,12000
1,1,2,1336,36,2,2,7,19480,15,0,5970,0,0,3646,1,10,1,1602,3646,1,7,52,1,6000
1,1,2,1338,30,2,2,7,73769,12,12,5381,0,0,6287,3,30,1,751,6287,3,1,21,5,11760
1,1,2,1342,32,2,2,7,42000,12,13,631,0,0,7997,2,22,1,1809,7997,2,1,52,1,30000
1,1,2,1345,36,1,2,7,79919.76,15,12,524,0,0,3017,3,30,1,83,3017,3,1,52,1,12000
1,1,2,1345,37,1,2,7,64215,16,0,4662,0,0,3426,3,30,1,501,3426,3,7,52,1,10000
1,1,2,1345,38,1,2,7,64215,16,0,4662,0,0,3426,4,30,1,668,3426,4,1,51,1,8000
1,1,2,1351,37,1,2,7,116000,12,14,4136,0,0,1148,3,30,1,452,1148,3,1,2,1,400
1,1,2,1353,34,1,2,7,37250,14,14,1585,0,0,391,52,30,1,599,391,52,7,0,5,0
1,1,2,1353,35,2,2,7,67650,14,14,1388,0,0,748,3,30,1,1028,748,3,7,45,1,19000
1,1,2,1353,36,1,2,7,37250,14,14,1585,0,0,391,51,30,1,319,391,51,7,0,5,0
1,1,2,1353,37,1,2,7,37250,14,14,1585,0,0,391,3,30,1,84,391,3,7,52,1,8000
1,1,2,1353,40,1,2,7,67650,14,14,1388,0,0,748,4,30,1,903,748,4,7,28,1,9999999
1,1,2,1368,32,2,2,7,40520,99,0,3282,5,60,8973,2,40,1,1777,8973,2,6,13,1,9999999
1,1,2,1383,40,1,2,7,46215,12,11,3963,4,30,7434,1,10,1,2054,7434,1,1,52,1,45000
1,1,2,1383,183,2,3,,,,,0,0,0,4324,2,20,1,924,4324,2,1,0,5,0
1,1,2,1384,31,1,2,7,7220,17,17,4155,0,0,8989,1,10,1,1756,8989,1,1,0,5,0
1,1,2,1384,32,1,2,7,7220,17,17,4155,0,0,8141,51,30,1,1732,8141,51,6,52,1,1000
1,1,2,1394,38,2,2,7,21000,10,9,2014,5,30,3232,3,30,1,1112,3232,3,3,0,5,0
1,1,2,1394,40,1,2,7,37440,12,12,661,0,0,9102,1,10,1,2283,9102,1,1,52,1,35000
1,1,2,1398,31,2,2,7,26300,11,0,5054,0,0,7419,1,10,1,2073,7419,1,2,52,1,25000
1,1,2,1406,34,1,2,7,33843,12,0,5121,0,0,7557,3,30,1,1534,7557,3,3,39,1,1750
1,1,2,1407,32,1,2,7,41000,12,14,1192,4,30,3134,1,10,1,375,3134,1,1,52,1,76000
1,1,2,1411,47,2,2,7,24870,14,0,980,0,0,2203,2,30,1,320,2203,2,1,26,1,4000
1,1,2,1411,48,1,2,7,24870,14,0,980,0,0,2203,3,30,1,400,2203,3,7,0,5,0
1,1,2,1411,191,1,3,7,95000,15,15,979,0,0,5511,2,60,1,275,5511,2,3,22,1,5000
1,1,2,1411,208,1,3,7,10034,12,0,211,0,0,5952,3,60,1,847,5952,3,1,24,1,13000
1,1,2,1426,41,2,2,7,6016,10,0,4071,0,0,2660,2,30,1,1556,2660,2,6,15,1,6000
1,1,2,1426,42,1,2,7,6016,10,0,4071,0,0,2660,3,30,1,211,2660,3,3,0,5,0
1,1,2,1426,43,2,2,7,72100,17,17,6121,0,0,7500,2,40,1,1487,7500,2,1,52,1,32000
1,1,2,1426,188,1,3,7,72100,17,17,6121,0,0,7500,1,10,1,2267,7500,1,1,52,1,20000
1,1,2,1429,30,2,2,7,90000,16,12,5194,3,30,3582,2,40,1,2179,3582,2,1,0,5,0
1,1,2,1429,31,2,2,7,90000,16,12,5194,4,30,3582,1,10,1,1029,3582,1,1,52,1,45000
1,1,2,1431,31,1,2,,,,,0,0,0,1862,3,30,1,1497,1862,3,7,49,1,32000
1,1,2,1431,173,1,3,,,,,0,0,0,1538,1,10,1,502,1538,1,1,52,1,76000
1,1,2,1434,35,2,2,7,34740,99,14,3858,3,30,5993,2,20,1,700,5993,2,1,52,1,43661
1,1,2,1434,36,2,2,7,34740,99,14,3858,0,0,7355,3,30,1,1403,7355,3,1,8,5,3600
1,1,2,1434,37,1,2,7,47466,14,14,5720,0,0,3027,3,30,1,401,3027,3,7,52,1,4058
1,1,2,1434,38,2,2,7,34740,99,14,3858,0,0,7355,4,30,1,1462,7355,4,1,0,5,0
1,1,2,1434,39,2,2,7,47466,14,14,5720,0,0,3027,4,30,1,820,3027,4,7,52,1,22000
1,1,2,1434,40,2,2,7,42000,16,17,5723,0,0,7155,3,30,1,1295,7155,3,1,37,1,7400
1,1,2,1434,42,2,2,7,58000,15,16,2478,0,0,3264,3,30,1,1741,3264,3,6,52,1,150
1,1,2,1438,38,1,2,7,72148,12,16,112,0,0,7510,1,10,1,1113,7510,1,3,44,1,18000
1,1,2,1438,39,2,2,7,72148,12,16,112,0,0,4621,3,30,1,752,4621,3,7,52,1,5850
1,1,2,1445,38,2,2,7,56070,16,16,2651,0,0,5162,1,10,1,85,5162,1,1,26,1,9999999
1,1,2,1460,30,2,2,7,32000,14,0,4239,2,30,1113,2,20,1,26,1113,2,1,52,1,43000
1,1,2,1462,30,1,2,7,67400,16,17,3575,0,0,7436,1,10,1,1387,7436,1,1,44,1,18000
1,1,2,1462,31,1,2,7,41699.1,16,16,3848,0,0,2002,52,30,1,1000,2002,52,7,0,5,0
1,1,2,1462,33,2,2,7,67400,16,17,3575,0,0,4464,51,30,1,212,4464,51,1,52,5,3000
1,1,2,1480,34,2,2,7,52723.89,10,10,4648,4,30,6645,2,20,1,1481,6645,2,1,52,1,41000
1,1,2,1480,35,1,2,7,49417,3,8,2940,0,0,3270,51,33,1,1232,3270,51,1,40,1,20000
1,1,2,1485,35,1,2,7,20078,14,12,2110,5,30,6662,1,10,1,1598,6662,1,1,52,1,75000
1,1,2,1485,37,1,2,7,600,12,0,1804,0,0,5077,2,30,1,1632,5077,2,1,0,5,0
1,1,2,1485,188,1,3,7,600,12,0,1804,0,0,7251,1,10,1,1546,7251,1,1,22,1,20000
1,1,2,1496,32,2,2,7,116400,15,13,4191,0,0,7397,51,30,1,1638,7397,51,7,52,1,14300
1,1,2,1496,33,2,2,7,116400,15,13,4191,0,0,7397,3,30,1,1267,7397,3,7,17,1,3000
1,1,2,1496,35,2,2,7,116400,15,13,4191,0,0,7397,4,30,1,1374,7397,4,7,43,1,4500
1,1,2,1498,36,2,2,,,,,0,0,0,5547,1,10,1,86,5547,1,1,52,1,25000
1,1,2,1498,38,1,2,7,5880,12,12,2814,5,30,5770,1,10,1,276,5770,1,1,52,1,9999999
1,1,2,1498,39,1,2,,,,,0,0,0,4558,1,10,1,27,4558,1,1,50,1,5000
1,1,2,1498,40,2,2,,,,,0,0,0,4036,2,22,1,87,4036,2,3,0,5,0
1,1,2,1498,42,2,2,7,30180,12,12,747,0,0,4028,4,35,1,321,4028,4,3,0,5,0
1,1,2,1498,177,1,3,7,30180,12,12,747,0,0,4028,3,35,1,625,4028,3,1,52,1,2000
1,1,2,1501,32,1,2,7,12000,11,0,544,0,0,7612,3,30,1,1547,7612,3,1,0,9,0
1,1,2,1501,33,1,2,7,12000,11,0,544,0,0,7612,4,30,1,1557,7612,4,6,0,5,0
1,1,2,1516,31,1,2,7,56000,16,16,1970,3,30,5226,1,10,1,753,5226,1,1,22,1,26000
1,1,2,1516,33,2,2,7,56000,16,16,1970,4,30,7531,1,10,1,1310,7531,1,1,52,1,55000
1,1,2,1516,34,2,2,7,56000,16,16,1970,0,0,5283,3,30,1,1001,5283,3,1,52,1,8000
1,1,2,1525,33,2,2,7,66501,15,99,4690,0,0,310,2,30,1,558,310,2,7,52,5,6500
1,1,2,1533,33,2,2,7,54125,17,14,4929,3,30,5604,2,22,1,2035,5604,2,6,20,1,2000
1,1,2,1533,36,2,2,7,54125,17,14,4929,0,0,7896,4,30,1,2322,7896,4,1,0,5,0
1,1,2,1540,32,1,2,7,61180,13,17,2667,0,0,2783,3,30,1,1445,2783,3,7,0,9,0
1,1,2,1540,33,2,2,7,61180,13,17,2667,0,0,7195,1,10,1,1535,7195,1,1,52,1,38000
1,1,2,1542,38,2,2,7,79500,99,99,5310,3,30,7081,1,10,1,2272,7081,1,1,52,1,50000
1,1,2,1542,40,2,2,7,118400,14,16,3996,5,30,6136,2,22,1,1296,6136,2,1,52,1,62000
1,1,2,1542,41,2,2,7,79500,99,99,5310,4,30,8793,1,10,1,2203,8793,1,1,52,1,45000
1,1,2,1542,42,1,2,7,147079.84,15,12,2186,0,0,7036,3,30,1,1407,7036,3,1,38,1,10000
1,1,2,1547,33,1,2,7,70700,14,14,5562,4,30,1090,1,10,1,979,1090,1,1,52,1,90000
1,1,2,1565,39,2,2,7,53700,16,0,4341,0,0,8260,51,30,1,1909,8260,51,7,36,1,4000
1,1,2,1565,40,1,2,7,53700,16,0,4341,0,0,8260,3,30,1,1675,8260,3,7,10,1,8000
1,1,2,1567,33,2,2,7,31181,12,0,830,71,30,4343,2,20,1,7,4343,2,1,52,1,30000
1,1,2,1571,38,1,2,7,14905.8,12,0,851,2,30,2352,1,10,1,453,2352,1,3,52,1,30000
1,1,2,1571,39,2,2,7,14905.8,12,0,851,3,30,5934,1,10,1,1345,5934,1,1,52,1,9999999
1,1,2,1571,40,1,2,7,30900,14,11,4107,3,30,3677,2,30,1,559,3677,2,1,50,1,18000
1,1,2,1571,41,1,2,7,30900,14,11,4107,0,0,3677,3,30,1,1958,3677,3,3,12,1,3600
1,1,2,1571,42,1,2,7,48944,12,0,4752,0,0,7599,2,30,1,1346,7599,2,3,0,5,0
1,1,2,1571,43,1,2,7,48944,12,0,4752,0,0,3046,2,30,1,213,3046,2,7,0,5,0
1,1,2,1572,43,2,2,,,,,0,0,0,4994,1,10,1,454,4994,1,2,52,1,23000
1,1,2,1572,46,1,2,,,,,0,0,0,2214,51,30,1,88,2214,51,1,52,1,15000
1,1,2,1572,49,2,2,7,9130,11,0,4854,0,0,7564,1,10,1,1114,7564,1,2,0,5,0
1,1,2,1579,44,2,2,7,124410,16,17,4938,0,0,3076,3,30,1,322,3076,3,6,31,1,9953
1,1,2,1583,32,2,2,7,19800,12,11,5429,0,0,7616,1,10,1,1284,7616,1,1,52,1,38000
1,1,2,1591,37,2,2,7,61900,16,17,4211,5,30,5015,1,10,1,616,5015,1,1,52,1,60000
1,1,2,1597,31,2,2,7,70300,15,13,3516,4,30,6258,2,22,1,805,6258,2,6,35,1,22500
1,1,2,1597,32,2,2,7,70300,15,13,3516,0,0,5760,51,30,1,1446,5760,51,7,31,1,5000
1,1,2,1610,31,1,2,7,7600,14,0,5793,2,30,283,2,30,1,419,283,2,5,0,5,0
1,1,2,1611,35,2,2,7,50000,14,13,3384,0,0,1982,2,20,1,617,1982,2,1,50,1,37000
1,1,2,1611,36,2,2,7,75167,15,14,3383,0,0,5961,3,30,1,783,5961,3,7,13,1,8000
1,1,2,1613,43,2,2,7,58000,16,16,2066,0,0,3974,51,30,1,701,3974,51,7,0,5,0
1,1,2,1613,46,1,2,7,37349,15,0,2065,0,0,6134,2,30,1,1624,6134,2,1,0,5,0
1,1,2,1613,47,1,2,7,40800,12,12,822,0,0,3031,2,60,1,1860,3031,2,7,40,1,150
1,1,2,1627,32,2,2,7,32000,12,14,3205,3,30,182,3,30,1,323,182,3,1,52,1,26251
1,1,2,1628,34,1,2,7,52600,12,11,1876,0,0,355,2,60,1,1268,355,2,1,52,1,26000
1,1,2,1644,31,1,2,7,39588,15,15,3121,4,30,5389,1,10,1,784,5389,1,1,52,1,76000
1,1,2,1644,32,2,2,7,39588,15,15,3121,5,30,6234,2,22,1,938,6234,2,1,52,1,50000
1,1,2,1645,31,2,2,7,305000,16,16,4090,3,30,1483,2,20,1,702,1483,2,1,52,1,180000
1,1,2,1645,32,2,2,7,305000,16,16,4090,4,30,1467,1,10,1,1297,1467,1,1,52,1,42000
1,1,2,1645,33,2,2,7,111000,16,14,4562,0,0,1933,2,22,1,1414,1933,2,1,37,1,60000
1,1,2,1645,34,1,2,7,112600,16,17,4642,0,0,1532,4,30,1,28,1532,4,1,16,1,15000
1,1,2,1645,35,2,2,7,111000,16,14,4562,0,0,1230,51,30,1,992,1230,51,7,0,5,0
1,1,2,1645,36,2,2,7,305000,16,16,4090,0,0,1556,3,30,1,939,1556,3,7,4,1,1167
1,1,2,1645,37,2,2,7,112600,16,17,4642,0,0,1532,3,30,1,89,1532,3,7,17,5,780
1,1,2,1648,32,1,2,7,22906,9,11,6145,4,30,2695,1,10,1,560,2695,1,1,52,1,24000
1,1,2,1648,33,2,2,7,22906,9,11,6145,0,0,2373,2,30,1,90,2373,2,1,31,1,14880
1,1,2,1652,36,1,2,7,132200,12,12,6084,0,0,2321,3,30,1,324,2321,3,3,52,1,7000
1,1,2,1654,32,2,2,7,90000,15,16,4935,3,30,4925,1,10,1,626,4925,1,1,52,1,20000
1,1,2,1670,35,1,2,7,3006,11,0,3801,2,30,7586,2,30,1,2323,7586,2,99,0,9,0
1,1,2,1670,36,1,2,7,3006,11,0,3801,3,30,7128,1,10,1,2200,7128,1,2,0,5,0
1,1,2,1670,37,2,2,7,3006,11,0,3801,0,0,4643,1,10,1,214,4643,1,1,52,1,6500
1,1,2,1682,36,2,2,7,21500,16,0,4386,0,0,814,3,30,1,91,814,3,7,23,1,1725
1,1,2,1684,39,1,2,7,48600,12,12,3510,0,0,2357,2,30,1,533,2357,2,7,0,5,0
1,1,2,1689,32,2,2,7,34618,12,14,2027,0,0,3359,2,30,1,1488,3359,2,3,0,5,0
1,1,2,1690,36,1,2,7,27040,14,2,1574,4,30,8592,1,10,1,2074,8592,1,1,52,1,40000
1,1,2,1690,37,2,2,7,53535,12,12,315,0,0,4249,3,30,1,2171,4249,3,1,52,1,15000
1,1,2,1692,39,2,2,7,33100,12,10,636,5,30,8016,1,10,1,2172,8016,1,6,0,5,0
1,1,2,1695,50,2,2,7,59840,12,14,725,6,30,4916,2,20,1,325,4916,2,1,0,5,0
1,1,2,1695,53,2,2,7,40727,8,11,6070,5,60,5091,2,22,1,29,5091,2,2,5,1,1925
1,1,2,1695,54,2,2,7,47690,14,14,724,3,30,4505,2,20,1,8,4505,2,1,52,1,50000
1,1,2,1695,56,1,2,7,27757,9,10,4392,0,0,5894,51,30,1,738,5894,51,7,26,1,15000
1,1,2,1695,58,2,2,7,27757,9,10,4392,0,0,5894,52,30,1,883,5894,52,7,0,5,0
1,1,2,1695,59,1,2,7,15000,14,0,723,0,0,6271,3,30,1,1578,6271,3,7,0,5,0
1,1,2,1697,47,2,2,7,20037.67,10,0,722,3,30,7412,1,10,1,1422,7412,1,1,52,1,55000
1,1,2,1697,50,1,2,7,20037.67,10,0,722,0,0,7372,2,30,1,2354,7372,2,1,0,5,0
1,1,2,1697,51,1,2,7,86600,10,12,65,0,0,5502,3,35,1,455,5502,3,1,52,1,20000
1,1,2,1697,53,2,2,7,34280.74,10,0,4787,0,0,7164,3,30,1,1455,7164,3,7,27,1,12500
1,1,2,1700,39,1,2,7,26500,12,12,5414,3,30,7632,1,10,1,1375,7632,1,3,52,1,13815
1,1,2,1700,40,1,2,7,26500,12,12,5414,0,0,6868,1,10,1,1539,6868,1,1,50,1,30000
1,1,2,1701,35,2,2,7,19000,12,15,3823,3,30,3394,2,20,1,326,3394,2,1,52,1,55000
1,1,2,1701,36,2,2,7,19000,12,15,3823,4,30,7321,1,10,1,1380,7321,1,1,35,1,9999999
1,1,2,1709,32,1,2,7,53885.92,12,12,2993,0,0,19,51,30,1,771,19,51,3,37,1,10000
1,1,2,1709,33,2,2,7,53885.92,12,12,2993,0,0,19,3,30,1,1560,19,3,7,0,5,0
1,1,2,1720,35,2,2,7,61200,12,12,2058,0,0,7447,2,30,1,2110,7447,2,7,34,5,15
1,1,2,1722,38,2,2,7,32712,12,0,820,4,60,1318,2,30,1,327,1318,2,1,52,1,45000
1,1,2,1722,41,2,2,7,15876,11,0,2586,0,0,1668,1,10,1,754,1668,1,7,50,1,30000
1,1,2,1722,43,2,2,7,32712,12,0,820,0,0,1318,3,30,1,92,1318,3,3,32,1,9000
1,1,2,1722,44,2,2,7,32712,12,0,820,0,0,1318,4,30,1,328,1318,4,3,0,5,0
1,1,2,1726,34,2,2,7,108535,16,16,3291,0,0,4555,3,30,1,561,4555,3,6,52,1,4100
1,1,2,1751,30,2,2,7,71000,15,16,4130,0,0,1438,4,30,1,1625,1438,4,1,52,1,6000
1,1,2,1751,31,2,2,7,71000,15,16,4130,0,0,1438,3,30,1,215,1438,3,1,5,1,55
1,1,2,1762,44,2,2,7,11466.6,15,10,6212,3,30,7417,3,40,1,1115,7417,3,3,0,5,0
1,1,2,1762,45,1,2,7,47930,12,12,5898,3,30,4061,51,30,1,1423,4061,51,1,52,5,48000
1,1,2,1762,47,2,2,7,11466.6,15,10,6212,0,0,7417,1,10,1,1116,7417,1,1,50,1,32000
1,1,2,1762,48,2,2,7,11466.6,15,10,6212,0,0,7417,4,40,1,1117,7417,4,6,52,5,20000
1,1,2,1762,49,2,2,7,9801,12,0,6043,0,0,7776,2,20,1,1676,7776,2,6,0,5,0
1,1,2,1762,51,1,2,7,38000,12,13,4971,0,0,7559,1,10,1,1328,7559,1,1,52,1,12500
1,1,2,1762,53,1,2,7,38000,12,13,4971,0,0,6883,2,30,1,1329,6883,2,3,31,1,10000
1,1,2,1762,54,2,2,7,11466.6,15,10,6212,0,0,7417,2,40,1,1192,7417,2,7,23,1,8050
1,1,2,1762,55,1,2,7,500,11,12,5480,0,0,2524,2,30,1,710,2524,2,6,0,5,0
1,1,2,1763,38,1,2,7,3792,12,0,3515,2,30,4477,1,10,1,627,4477,1,1,52,1,29999
1,1,2,1763,39,2,2,7,2500,12,0,3513,4,30,4561,2,20,1,30,4561,2,1,8,1,1000
1,1,2,1763,40,2,2,7,3792,12,0,3515,3,30,3591,1,10,1,2324,3591,1,99,18,1,6500
1,1,2,1763,41,2,2,7,3792,12,0,3515,0,0,3637,2,30,1,755,3637,2,7,52,1,816
1,1,2,1763,183,1,3,7,3792,12,0,3515,0,0,3637,3,30,1,1810,3637,3,1,52,5,7000
1,1,2,1767,33,2,2,7,20200,99,99,3743,3,30,5338,2,20,1,93,5338,2,1,32,1,25000
1,1,2,1774,31,1,2,7,118000,16,16,1707,0,0,6910,3,30,1,1548,6910,3,1,52,5,0
1,1,2,1774,32,2,2,7,57000,16,17,4552,0,0,3632,3,30,1,1030,3632,3,1,49,5,12000
1,1,2,1774,33,2,2,7,118000,16,16,1707,0,0,6910,51,30,1,1154,6910,51,7,26,1,10000
1,1,2,1774,34,1,2,7,57000,16,17,4552,0,0,3632,4,30,1,216,3632,4,1,52,1,9999999
1,1,2,1782,34,2,2,7,36000,13,11,6077,3,30,7636,2,20,1,2297,7636,2,6,0,5,0
1,1,2,1782,35,2,2,7,41160,15,12,5963,4,30,7184,2,20,1,1355,7184,2,1,52,1,35000
1,1,2,1784,34,2,2,7,103400,99,16,2463,4,30,5277,1,10,1,277,5277,1,7,0,5,0
1,1,2,1786,51,2,2,7,12420,12,12,1150,0,0,8429,2,22,1,1757,8429,2,6,0,5,0
1,1,2,1787,194,2,3,7,27150,13,14,3504,0,0,7260,2,22,1,1477,7260,2,3,0,5,0
1,1,2,1787,195,1,3,7,27150,13,14,3504,0,0,7475,1,10,1,2335,7475,1,99,52,1,9999999
1,1,2,1798,44,1,2,7,43598,12,12,1256,0,0,9205,3,30,1,2150,9205,3,1,35,1,19000
1,1,2,1799,39,1,2,7,31000,11,0,4527,4,30,1069,3,30,1,645,1069,3,3,28,5,500
1,1,2,1802,37,1,2,7,43500,10,99,4002,5,30,6397,1,10,1,1197,6397,1,3,0,5,0
1,1,2,1802,39,1,2,7,26040,12,11,3867,0,0,7136,2,30,1,2117,7136,2,3,20,1,9000
1,1,2,1807,37,1,2,7,23900,99,0,5587,2,30,7641,1,10,1,1311,7641,1,1,51,1,49000
1,1,2,1807,38,2,2,7,73563,13,12,4653,0,0,7850,3,30,1,2258,7850,3,1,13,1,6370
1,1,2,1821,32,2,2,7,102000,16,14,5039,0,0,323,3,30,1,968,323,3,1,52,1,12978
1,1,2,1823,35,2,2,7,26340,7,10,5360,0,0,109,2,30,1,1656,109,2,7,52,1,1620
1,1,2,1824,179,1,3,7,95900,16,12,5386,0,0,4668,1,10,1,1054,4668,1,1,52,1,33100
1,1,2,1830,35,2,2,7,25065,11,11,2349,0,0,6150,2,20,1,2325,6150,2,99,52,1,30000
1,1,2,1830,36,2,2,7,16500,10,12,4583,0,0,7657,2,22,1,2089,7657,2,6,26,1,6000
1,1,2,1837,35,1,2,7,29000,11,12,6192,4,30,5020,1,10,1,59,5020,1,1,52,1,28900
1,1,2,1839,37,1,2,7,26000,10,11,1921,4,30,7899,1,10,1,2216,7899,1,1,18,1,11200
1,1,2,1839,38,2,2,7,26000,10,11,1921,5,30,8098,2,20,1,2055,8098,2,6,52,1,35394
1,1,2,1839,39,2,2,7,68000,12,12,637,0,0,4211,3,30,1,456,4211,3,1,45,5,27000
1,1,2,1839,40,2,2,7,68000,12,12,637,0,0,4211,4,30,1,1910,4211,4,7,8,1,4440
1,1,2,1839,42,2,2,7,68000,12,12,637,0,0,4211,6,30,1,94,4211,6,7,0,5,0
1,1,2,1841,38,1,2,7,71200,12,13,786,7,30,7483,1,10,1,1356,7483,1,1,52,1,51000
1,1,2,1841,40,2,2,7,87437,17,16,782,0,0,7413,3,30,1,1330,7413,3,7,0,5,0
1,1,2,1862,33,2,2,7,28200,12,14,4404,4,30,6931,4,30,1,1659,6931,4,1,0,5,0
1,1,2,1878,34,1,2,7,9000,16,15,5247,4,30,4251,1,10,1,562,4251,1,1,52,1,7000
1,1,2,1880,37,1,2,7,60315,12,12,3524,0,0,1507,51,30,1,1091,1507,51,1,52,1,10450
1,1,2,1887,39,1,2,7,79901,12,10,2698,0,0,6990,5,30,1,2273,6990,5,1,15,1,10673
1,1,2,1887,40,1,2,7,79901,12,10,2698,0,0,6279,3,30,1,870,6279,3,2,4,1,3021
1,1,2,1887,42,2,2,7,79901,12,10,2698,0,0,6279,4,30,1,821,6279,4,6,10,1,1900
1,1,2,1892,180,2,3,7,28680,12,0,1714,0,0,6062,2,30,1,457,6062,2,6,11,1,7260
1,1,2,1893,38,1,2,7,31488,16,0,4033,4,60,7686,1,10,1,2151,7686,1,1,0,5,0
1,1,2,1893,39,2,2,7,39900,13,12,5223,0,0,4291,3,30,1,711,4291,3,7,35,1,10000
1,1,2,1905,33,1,2,7,74370,16,17,1379,3,30,2081,1,10,1,646,2081,1,3,52,1,48000
1,1,2,1905,34,1,2,7,74370,16,17,1379,0,0,2871,3,30,1,95,2871,3,1,49,1,30000
1,1,2,1906,31,1,2,7,24000,16,99,1656,3,30,117,1,10,1,329,117,1,1,52,1,33000
1,1,2,1908,34,2,2,,,,,0,0,0,6630,2,22,1,822,6630,2,1,52,1,90000
1,1,2,1911,34,2,2,7,17000,11,10,2723,3,30,7755,2,20,1,1677,7755,2,6,0,5,0
1,1,2,1914,33,2,2,7,26000,99,0,5002,2,30,4680,1,10,1,31,4680,1,7,52,1,40000
1,1,2,1917,34,2,2,7,61795,16,14,1298,4,30,5652,1,10,1,628,5652,1,1,52,1,17000
1,1,2,1917,35,1,2,7,50300,15,14,487,5,30,3857,3,47,1,2075,3857,3,1,47,1,13000
1,1,2,1918,34,1,2,7,67920,12,12,1731,0,0,1163,3,60,1,503,1163,3,7,0,5,0
1,1,2,1919,44,2,2,7,70200,16,16,3179,4,30,2235,3,30,1,278,2235,3,1,52,1,57000
1,1,2,1919,45,2,2,7,70400,16,16,2852,5,30,6980,1,10,1,2326,6980,1,1,52,1,55000
1,1,2,1919,46,2,2,7,70200,16,16,3179,5,30,2235,4,30,1,1269,2235,4,1,52,1,1500
1,1,2,1926,31,2,2,7,66300,16,16,1879,4,30,769,2,22,1,96,769,2,7,52,1,30000
1,1,2,1926,33,2,2,7,66300,16,16,1879,5,30,834,1,10,1,97,834,1,1,7,1,4000
1,1,2,1932,177,1,3,7,27948,10,12,3281,0,0,4454,1,10,1,420,4454,1,1,26,1,14850
1,1,2,1935,30,1,2,7,23000,16,0,5541,0,0,883,3,30,1,458,883,3,7,18,5,6800
1,1,2,1936,32,1,2,7,47250,12,99,2335,0,0,2427,3,30,1,1525,2427,3,1,52,1,90000
1,1,2,1936,33,1,2,7,47250,12,99,2335,0,0,2427,4,30,1,1793,2427,4,1,52,1,34000
1,1,2,1939,33,1,2,7,105300,16,99,1532,0,0,7703,3,30,1,1994,7703,3,1,0,5,0
1,1,2,1939,34,1,2,7,105300,16,99,1532,0,0,7703,51,30,1,2152,7703,51,3,0,5,0
1,1,2,1939,35,1,2,7,51434,12,17,5550,0,0,6191,3,30,1,1969,6191,3,7,0,5,0
1,1,2,1947,32,2,2,7,97300,17,14,4254,4,30,4768,1,10,1,1031,4768,1,2,22,1,8500
1,1,2,1954,33,1,2,7,10000,99,99,5306,4,30,4522,1,10,1,98,4522,1,1,52,1,54000
1,1,2,1954,34,1,2,7,59000,12,12,1998,0,0,3796,2,30,1,688,3796,2,6,0,5,0
1,1,2,1954,35,1,2,7,59000,12,12,1998,0,0,3796,3,30,1,647,3796,3,3,0,5,0
1,1,2,1955,30,1,2,7,66600,16,12,1562,3,30,2008,3,30,1,712,2008,3,1,52,1,20000
1,1,2,1956,30,2,2,7,124000,17,17,1640,3,30,7250,1,10,1,1418,7250,1,1,44,1,60000
1,1,2,1956,31,1,2,7,124000,17,17,1640,0,0,7238,1,10,1,1245,7238,1,1,29,1,30500
1,1,2,1964,37,1,2,7,27020,16,16,3392,0,0,2992,51,30,1,330,2992,51,7,52,1,2000
1,1,2,1964,38,1,2,7,27020,16,16,3392,0,0,2992,3,30,1,331,2992,3,3,0,5,0
1,1,2,1970,30,2,2,7,77000,15,13,3336,3,30,7058,2,20,1,1565,7058,2,1,52,1,45000
1,1,2,1972,31,2,2,,,,,0,0,0,5979,2,22,1,669,5979,2,7,0,5,0
1,1,2,1978,31,2,2,7,58200,14,14,1464,3,30,944,2,22,1,1032,944,2,1,52,1,26000
1,1,2,1978,32,1,2,7,58200,14,14,1464,0,0,1031,1,10,1,1339,1031,1,1,52,1,40000
1,1,2,1988,32,2,2,7,121000,15,12,4660,0,0,1876,3,30,1,1246,1876,3,1,52,1,15000
1,1,2,1994,36,2,2,7,12876,12,14,5326,0,0,4525,3,30,1,99,4525,3,6,0,5,0
1,1,2,1994,37,2,2,7,12876,12,14,5326,0,0,4525,4,30,1,100,4525,4,3,1,1,54
1,1,2,1994,182,2,3,7,42680.8,12,99,1517,0,0,7038,3,30,1,1208,7038,3,7,0,5,0
1,1,2,2004,37,2,2,7,30535,99,12,2985,0,0,6030,3,30,1,217,6030,3,7,41,1,10250
1,1,2,2004,38,2,2,7,128250,12,12,1870,0,0,7827,3,30,1,1827,7827,3,1,0,5,0
1,1,2,2012,32,1,2,7,68500,12,14,1655,3,30,2653,1,10,1,713,2653,1,1,52,1,80000
1,1,2,2012,33,1,2,7,68500,12,14,1655,4,30,8340,1,10,1,2193,8340,1,1,40,1,18420
1,1,2,2017,33,2,2,7,33020,10,12,497,0,0,8292,2,22,1,2056,8292,2,6,34,1,11000
1,1,2,2017,34,2,2,7,33020,10,12,497,0,0,8178,2,22,1,1794,8178,2,6,0,5,0
1,1,2,2017,35,2,2,7,22000,12,0,931,0,0,4638,2,30,1,101,4638,2,6,25,1,12000
1,1,2,2019,32,1,2,7,72050,14,14,2368,3,30,7271,51,30,1,1179,7271,51,7,52,1,45000
1,1,2,2028,32,2,2,7,41510,14,0,1858,2,30,779,1,10,1,670,779,1,1,52,1,32000
1,1,2,2028,33,1,2,7,72350,12,12,5679,0,0,1133,3,30,1,504,1133,3,7,0,5,0
1,1,2,2030,42,1,2,7,66270,14,15,3747,0,0,6176,3,33,1,1155,6176,3,1,50,1,28000
1,1,2,2030,43,1,2,7,9000,15,0,5977,0,0,2128,2,30,1,332,2128,2,7,15,1,1000
1,1,2,2032,40,2,2,7,19500,12,10,4766,3,30,6948,1,10,1,1561,6948,1,1,0,5,0
1,1,2,2032,41,2,2,7,19500,12,10,4766,4,30,6338,1,10,1,1285,6338,1,1,20,5,0
1,1,2,2032,182,1,3,7,32821,11,9,1003,0,0,6714,4,60,1,2197,6714,4,1,52,1,500
1,1,2,2034,34,1,2,7,39000,11,12,3548,3,30,7720,3,30,1,2012,7720,3,1,52,1,40000
1,1,2,2034,35,2,2,7,39000,11,12,3548,0,0,7720,51,30,1,1880,7720,51,7,52,1,5000
1,1,2,2055,34,2,2,7,41302,16,16,130,3,30,2364,2,22,1,1002,2364,2,1,52,1,50550
1,1,2,2055,35,1,2,7,41302,16,16,130,0,0,3014,3,30,1,102,3014,3,1,37,1,35000
1,1,2,2056,36,2,2,7,3336,11,0,5074,0,0,2878,2,30,1,1193,2878,2,99,0,5,0
1,1,2,2056,37,2,2,7,3336,11,0,5074,0,0,2878,3,30,1,1118,2878,3,1,52,5,12770
1,1,2,2056,40,2,2,7,6336,10,0,3685,0,0,6264,2,30,1,1340,6264,2,3,0,5,0
1,1,2,2059,33,2,2,7,66000,12,99,4641,3,30,4603,1,10,1,505,4603,1,1,21,1,18000
1,1,2,2059,34,2,2,7,80928,16,12,3157,0,0,4510,51,30,1,756,4510,51,3,0,5,0
1,1,2,2059,35,2,2,7,80928,16,12,3157,0,0,4510,52,30,1,1081,4510,52,7,0,5,0
1,1,2,2061,32,2,2,7,37874,15,13,5945,5,30,3987,2,30,1,980,3987,2,1,52,1,22
1,1,2,2061,33,1,2,7,48500,15,17,5984,0,0,5144,2,30,1,1247,5144,2,1,52,1,10000
1,1,2,2061,34,1,2,7,48500,15,17,5984,0,0,5144,3,30,1,629,5144,3,7,15,1,8000
1,1,2,2062,39,1,2,7,79900,11,0,3825,0,0,8507,1,10,1,1678,8507,1,3,11,1,5000
1,1,2,2062,40,2,2,7,23594,12,0,198,0,0,7315,3,33,1,1198,7315,3,7,52,1,3000
1,1,2,2062,41,1,2,7,79900,11,0,3825,0,0,3698,3,33,1,848,3698,3,1,42,1,5000
1,1,2,2067,38,1,2,7,54000,14,13,2944,3,30,8631,1,10,1,1988,8631,1,1,50,1,70000
1,1,2,2073,35,2,2,7,21000,13,0,320,0,0,7927,3,30,1,1932,7927,3,7,37,1,4880
1,1,2,2073,36,2,2,7,6544,12,0,4433,0,0,6935,2,30,1,1795,6935,2,2,52,5,8700
1,1,2,2083,30,2,2,7,40000,12,0,4638,2,30,3509,2,30,1,671,3509,2,1,52,1,47000
1,1,2,2091,174,2,3,7,60000,12,12,4223,0,0,1680,3,30,1,1199,1680,3,1,52,1,7334
1,1,2,2106,35,1,2,7,33000,9,11,2035,0,0,106,2,30,1,1984,106,2,7,0,5,0
1,1,2,2108,34,1,2,7,61000,14,13,4672,4,30,2699,1,10,1,1055,2699,1,1,52,1,58000
1,1,2,2108,35,1,2,7,52250,12,16,3869,5,30,4691,1,10,1,563,4691,1,1,52,1,30000
1,1,2,2109,33,1,2,7,137150,13,17,4574,0,0,990,2,30,1,904,990,2,6,0,5,0
1,1,2,2117,33,2,2,7,80000,14,17,4939,4,30,1808,1,10,1,1248,1808,1,1,52,1,66000
1,1,2,2124,33,1,2,7,29030,16,0,2498,0,0,7403,3,30,1,1828,7403,3,7,18,1,12000
1,1,2,2124,34,2,2,7,22250,16,0,4491,0,0,6885,3,30,1,1286,6885,3,1,11,1,1056
1,1,2,2125,35,1,2,7,22000,10,0,4184,3,30,6533,1,10,1,1200,6533,1,1,52,1,90000
1,1,2,2127,32,1,2,7,105850,16,16,4346,0,0,5239,51,30,1,1626,5239,51,1,0,5,0
1,1,2,2129,37,1,2,7,71700,17,16,248,5,30,5703,51,30,1,1003,5703,51,1,0,5,0
1,1,2,2129,38,2,2,7,25000,11,13,2171,0,0,2115,1,10,1,103,2115,1,1,52,1,44000
1,1,2,2137,34,2,2,7,44200,13,13,2914,3,30,3497,2,20,1,459,3497,2,1,52,1,32000
1,1,2,2138,34,1,2,7,48800,12,12,3850,0,0,4530,3,30,1,739,4530,3,7,52,1,12000
1,1,2,2146,33,2,2,7,42300,13,0,2743,0,0,5629,1,10,1,32,5629,1,6,52,1,24000
1,1,2,2151,41,2,2,7,29600,12,12,1519,4,30,7813,1,10,1,1679,7813,1,1,52,1,9999999
1,1,2,2164,41,1,2,7,18000,13,12,5589,5,30,5357,1,10,1,460,5357,1,1,52,1,44000
1,1,2,2164,43,2,2,7,32006,17,15,5820,0,0,8555,2,20,1,1881,8555,2,1,41,1,24000
1,1,2,2164,44,2,2,7,18500,10,0,4611,0,0,2899,51,30,1,33,2899,51,1,52,1,17000
1,1,2,2164,46,2,2,7,32006,17,15,5820,0,0,3888,51,30,1,2153,3888,51,7,29,1,6000
1,1,2,2164,49,2,2,7,32006,17,15,5820,0,0,7682,2,30,1,1829,7682,2,7,9,1,3960
1,1,2,2164,50,2,2,7,32006,17,15,5820,0,0,7882,4,30,1,1916,7882,4,7,52,5,0
1,1,2,2175,32,2,2,7,90050,16,17,5390,3,30,1443,1,10,1,104,1443,1,1,52,1,96900
1,1,2,2175,33,1,2,7,90050,16,17,5390,4,30,1921,1,10,1,1396,1921,1,1,52,1,70000
1,1,2,2175,34,2,2,7,90050,16,17,5390,0,0,1306,51,30,1,52,1306,51,7,52,1,250
1,1,2,2177,35,2,2,7,41000,16,13,2946,3,30,1545,2,30,1,648,1545,2,1,52,1,16000
1,1,2,2177,36,1,2,7,41000,16,13,2946,4,30,1545,3,30,1,689,1545,3,6,0,5,0
1,1,2,2181,39,1,2,7,680,11,0,2615,0,0,5422,2,60,1,564,5422,2,1,52,1,13000
1,1,2,2181,45,1,2,7,680,11,0,2615,0,0,3374,2,30,1,2036,3374,2,3,0,5,0
1,1,2,2191,40,2,2,7,3301,9,3,5918,6,60,4246,1,10,1,34,4246,1,1,52,1,36000
1,1,2,2191,41,2,2,7,3301,9,3,5918,0,0,7432,1,10,1,2355,7432,1,7,52,1,60000
1,1,2,2191,43,2,2,,,,,0,0,0,7225,4,30,1,1999,7225,4,7,52,5,10643
1,1,2,2191,186,2,3,7,26000,12,12,35,0,0,5552,3,33,1,218,5552,3,7,13,1,1200
1,1,2,2195,30,2,2,7,5789,9,0,4027,0,0,8293,2,20,1,2076,8293,2,1,52,1,9999999
1,1,2,2195,181,1,3,7,5789,9,0,4027,3,30,4494,1,10,1,1489,4494,1,1,52,1,12000
1,1,2,2195,183,2,3,7,5789,9,0,4027,0,0,7127,1,10,1,1498,7127,1,1,52,1,9999999
1,1,2,2198,36,2,2,7,62257,17,17,3672,4,30,2631,3,30,1,9,2631,3,1,52,1,17000
1,1,2,2198,37,2,2,7,11000,11,0,5691,0,0,6495,2,22,1,1331,6495,2,1,52,1,288
1,1,2,2199,37,1,2,7,29825,12,0,1410,0,0,141,3,30,1,672,141,3,1,52,1,12000
1,1,2,2201,31,2,2,7,15511,16,0,3199,0,0,5407,3,30,1,1562,5407,3,7,42,1,27846
1,1,2,2210,35,2,2,7,25984,12,12,4238,4,30,1029,2,20,1,105,1029,2,6,0,5,0
1,1,2,2210,36,2,2,7,25984,12,12,4238,0,0,238,3,30,1,849,238,3,1,52,1,23000
1,1,2,2219,35,1,2,7,56816,12,13,4941,0,0,3164,3,30,1,2268,3164,3,3,0,5,0
1,1,2,2219,178,1,3,7,56816,12,13,4941,0,0,3164,2,30,1,2327,3164,2,99,0,9,0
1,1,2,2224,44,2,2,7,145000,11,16,2922,9,30,5092,1,10,1,333,5092,1,1,52,1,42000
1,1,2,2224,45,1,2,7,61800,16,17,5323,3,30,7221,1,10,1,1119,7221,1,1,52,1,45000
1,1,2,2224,46,1,2,7,61800,16,17,5323,0,0,3645,3,30,1,461,3645,3,1,52,1,30000
1,1,2,2224,47,1,2,7,61800,16,17,5323,0,0,3645,51,30,1,565,3645,51,1,10,1,7500
1,1,2,2225,35,1,2,7,134100,12,16,738,0,0,8163,51,33,1,2298,8163,51,1,51,1,23636
1,1,2,2237,31,2,2,7,76050,16,16,5156,3,30,9178,2,22,1,2246,9178,2,1,52,1,70000
1,1,2,2237,32,1,2,7,103000,17,99,6076,3,30,5877,4,30,1,1424,5877,4,1,52,5,60000
1,1,2,2237,33,1,2,7,103000,17,99,6076,0,0,5877,3,30,1,1680,5877,3,7,0,5,0
1,1,2,2240,175,1,3,7,62300,12,10,383,4,60,6567,3,60,1,757,6567,3,1,52,1,50000
1,1,2,2243,34,1,2,7,68030,14,99,3618,0,0,2423,3,30,1,850,2423,3,7,39,1,20000
1,1,2,2243,35,2,2,7,68030,14,99,3618,0,0,2423,4,30,1,1033,2423,4,7,52,5,200
1,1,2,2246,31,2,2,7,84594,16,16,244,0,0,7726,1,10,1,1778,7726,1,1,52,1,55000
1,1,2,2248,33,2,2,7,36400,12,13,6272,3,30,4382,2,22,1,106,4382,2,1,52,1,28000
1,1,2,2248,34,2,2,7,36400,12,13,6272,4,30,4382,3,48,1,376,4382,3,1,52,1,32387
1,1,2,2248,36,2,2,7,22000,17,0,6333,0,0,4214,2,40,1,1710,4214,2,1,52,1,50000
1,1,2,2248,37,1,2,7,6800,10,12,5847,0,0,6650,2,30,1,1441,6650,2,3,0,5,0
1,1,2,2248,38,1,2,7,6800,10,12,5847,0,0,6650,3,30,1,1425,6650,3,3,0,5,0
1,1,2,2250,47,1,2,7,118179.84,13,12,5804,0,0,5109,3,30,1,851,5109,3,6,44,1,10000
1,1,2,2252,32,1,2,7,52000,12,16,4519,0,0,1134,3,30,1,334,1134,3,99,52,5,45000
1,1,2,2255,33,2,2,7,31425,16,16,5222,0,0,7437,2,20,1,1779,7437,2,99,42,1,8000
1,1,2,2255,34,2,2,7,31425,16,16,5222,0,0,3236,51,30,1,107,3236,51,7,52,1,1200
1,1,2,2256,32,1,2,7,53578,17,16,4838,0,0,7305,1,10,1,1478,7305,1,1,52,1,55000
1,1,2,2261,35,2,2,7,53700,15,14,5939,0,0,2006,4,30,1,1120,2006,4,6,52,1,18000
1,1,2,2261,36,1,2,7,53700,15,14,5939,0,0,2006,3,30,1,960,2006,3,7,52,1,7500
1,1,2,2261,37,1,2,7,46000,17,13,2555,0,0,5947,3,30,1,1209,5947,3,1,42,1,4000
1,1,2,2261,38,1,2,7,40100,12,12,3470,0,0,5184,2,30,1,649,5184,2,1,0,5,0
1,1,2,2272,33,2,2,7,33130,16,0,1579,2,30,735,51,30,1,108,735,51,7,23,1,20000
1,1,2,2276,31,2,2,7,43250,12,12,1371,0,0,3611,2,22,1,279,3611,2,1,23,1,3000
1,1,2,2278,41,2,2,7,38300,12,0,4897,4,60,5263,1,10,1,703,5263,1,6,52,1,33514
1,1,2,2278,42,1,2,7,30974.88,13,99,4385,4,30,6293,1,10,1,969,6293,1,1,47,1,35000
1,1,2,2278,45,2,2,7,30974.88,13,99,4385,0,0,2533,3,33,1,1933,2533,3,3,31,1,18600
1,1,2,2280,45,2,2,7,50530,16,15,5112,8,30,4316,2,20,1,109,4316,2,6,0,5,0
1,1,2,2280,46,2,2,7,50530,16,15,5112,0,0,3123,51,30,1,110,3123,51,1,30,1,4725
1,1,2,2282,33,1,2,7,44000,14,15,4245,0,0,2418,1,10,1,1811,2418,1,1,52,1,25000
1,1,2,2282,34,1,2,7,9294,13,0,2456,0,0,5022,1,10,1,462,5022,1,1,52,1,40000
1,1,2,2282,178,2,3,7,44000,14,15,4245,3,30,4401,2,20,1,1034,4401,2,1,22,1,10000
1,1,2,2285,37,1,2,7,125000,16,16,746,4,30,5520,1,10,1,618,5520,1,1,52,1,180000
1,1,2,2285,39,2,2,7,125000,16,16,746,5,30,5431,2,40,1,1889,5431,2,1,52,1,22613
1,1,2,2285,40,2,2,7,40800,17,0,1499,0,0,3985,2,22,1,1499,3985,2,3,52,5,0
1,1,2,2297,34,2,2,7,23270,16,16,4420,3,30,726,1,10,1,335,726,1,1,52,1,33000
1,1,2,2297,35,2,2,7,23270,16,16,4420,0,0,947,3,30,1,219,947,3,1,52,1,3500
1,1,2,2297,36,2,2,7,73000,16,12,2348,0,0,151,2,30,1,220,151,2,1,14,1,4200
1,1,2,2300,34,1,2,7,39100,17,0,5278,0,0,2270,2,30,1,463,2270,2,7,0,5,0
1,1,2,2302,48,2,2,7,14760,99,0,6223,2,30,7983,2,20,1,2077,7983,2,1,52,1,41600
1,1,2,2302,54,1,2,7,51600,11,12,2910,0,0,7589,5,30,1,1514,7589,5,3,10,5,2875
1,1,2,2302,56,1,2,7,17230.33,9,8,2818,0,0,8283,1,10,1,1681,8283,1,1,46,1,20000
1,1,2,2304,33,2,2,7,58000,16,17,1310,4,30,3765,1,10,1,1004,3765,1,1,52,1,58000
1,1,2,2304,34,1,2,7,58000,16,17,1310,0,0,3686,3,30,1,464,3686,3,3,0,5,0
1,1,2,2304,35,2,2,7,82000,16,16,928,0,0,5059,51,33,1,2274,5059,51,7,0,5,0
1,1,2,2312,32,2,2,7,40000,15,14,4836,0,0,8910,2,30,1,2269,8910,2,1,0,5,0
1,1,2,2312,33,2,2,7,40000,15,14,4836,0,0,8910,3,30,1,2217,8910,3,7,0,5,0
1,1,2,2327,33,2,2,7,119500,10,11,6003,0,0,3570,2,30,1,465,3570,2,1,52,1,10000
1,1,2,2327,34,1,2,7,119500,10,11,6003,0,0,3570,3,30,1,1568,3570,3,7,0,5,0
1,1,2,2327,35,2,2,7,119500,10,11,6003,0,0,3468,51,60,1,280,3468,51,7,0,5,0
1,1,2,2327,185,1,3,7,22000,12,0,3433,0,0,8348,1,10,1,1847,8348,1,1,26,1,15000
1,1,2,2330,32,1,2,7,45300,12,12,4537,4,30,5211,1,10,1,852,5211,1,1,52,1,66000
1,1,2,2330,33,1,2,7,90556,15,0,5312,0,0,7950,51,30,1,2131,7950,51,7,39,1,19240
1,1,2,2336,32,1,2,7,57200,14,17,4589,0,0,818,3,30,1,740,818,3,7,52,1,6500
1,1,2,2339,37,1,2,7,31577,12,12,5028,0,0,7379,1,10,1,1803,7379,1,1,52,1,26000
1,1,2,2352,32,1,2,7,77000,16,15,191,5,30,5630,1,10,1,586,5630,1,1,52,1,32000
1,1,2,2354,38,1,2,7,17680.93,12,0,4285,0,0,4534,2,30,1,650,4534,2,5,0,5,0
1,1,2,2366,31,2,2,7,24103,16,0,743,0,0,1927,1,10,1,1121,1927,1,1,52,1,12000
1,1,2,2373,31,1,2,7,64400,12,12,2730,0,0,46,3,30,1,1666,46,3,6,0,5,0
1,1,2,2383,30,2,2,7,31500,17,12,5517,0,0,1849,1,10,1,2057,1849,1,1,24,1,26000
1,1,2,2391,33,1,2,7,60000,12,12,2383,0,0,7747,3,30,1,2090,7747,3,1,52,1,30000
1,1,2,2392,36,1,2,7,68000,12,13,4138,3,30,4280,1,10,1,630,4280,1,1,52,1,60000
1,1,2,2392,37,1,2,7,68000,12,13,4138,4,30,3972,1,10,1,221,3972,1,1,52,1,33000
1,1,2,2397,36,1,2,7,39100,13,13,4416,3,30,5409,1,10,1,222,5409,1,1,52,1,125000
1,1,2,2397,37,1,2,7,39100,13,13,4416,4,30,5344,1,10,1,506,5344,1,1,52,1,118000
1,1,2,2397,38,2,2,7,39100,13,13,4416,5,30,2228,2,30,1,1005,2228,2,1,52,1,50000
1,1,2,2397,39,2,2,7,27760,14,16,5198,0,0,8263,2,30,1,1944,8263,2,1,52,1,34060
1,1,2,2397,42,2,2,7,81350,13,0,4124,0,0,7049,51,30,1,1864,7049,51,3,23,1,5000
1,1,2,2397,43,2,2,7,27760,14,16,5198,0,0,8263,3,30,1,2019,8263,3,1,52,1,17489
1,1,2,2406,173,2,3,7,16900,12,0,5237,0,0,70,3,30,1,1662,70,3,7,52,1,400
1,1,2,2410,33,2,2,7,20000,10,12,4667,3,30,992,2,22,1,35,992,2,1,52,1,20000
1,1,2,2410,34,2,2,7,46300,12,12,3403,0,0,671,2,20,1,111,671,2,6,0,5,0
1,1,2,2410,35,1,2,7,20000,10,12,4667,0,0,398,3,30,1,1222,398,3,3,0,5,0
1,1,2,2411,33,2,2,7,38500,99,0,3836,0,0,7191,2,30,1,1397,7191,2,6,13,5,3000
1,1,2,2412,33,2,2,7,50,12,12,391,3,30,5080,1,10,1,112,5080,1,1,0,5,0
1,1,2,2412,34,2,2,7,50,12,12,391,0,0,5118,3,30,1,1989,5118,3,1,30,1,11305
1,1,2,2416,36,1,2,7,16500,11,13,2997,4,30,7064,2,30,1,1249,7064,2,5,0,5,0
1,1,2,2418,35,2,2,7,20000,11,0,4410,0,0,4567,2,30,1,223,4567,2,7,0,5,0
1,1,2,2422,37,2,2,7,20100,15,14,861,0,0,1892,3,30,1,1615,1892,3,1,26,1,11000
1,1,2,2422,38,1,2,7,20100,15,14,861,0,0,1892,4,30,1,1357,1892,4,1,52,5,10000
1,1,2,2422,39,2,2,7,20100,15,14,861,0,0,1892,5,30,1,1223,1892,5,7,40,1,2000
1,1,2,2422,40,1,2,7,28000,12,12,1270,0,0,1543,3,30,1,1398,1543,3,1,40,1,7000
1,1,2,2425,31,1,2,7,62500,12,14,1420,0,0,1920,3,30,1,1886,1920,3,7,0,5,0
1,1,2,2432,44,1,2,7,8000,7,9,1151,4,30,5757,1,10,1,224,5757,1,1,43,1,9999999
1,1,2,2432,47,1,2,7,23666.5,13,10,5579,3,33,3437,1,10,1,113,3437,1,1,51,1,80000
1,1,2,2432,53,1,2,7,6108,99,99,5359,5,60,2409,1,10,1,114,2409,1,3,44,1,4000
1,1,2,2432,54,1,2,7,23666.5,13,10,5579,4,30,6033,1,10,1,377,6033,1,1,52,1,45000
1,1,2,2432,55,1,2,7,5000,7,0,4781,5,30,7645,2,30,1,2247,7645,2,1,52,1,33500
1,1,2,2432,56,1,2,7,8000,7,9,1151,0,0,4250,1,10,1,1319,4250,1,1,52,1,16000
1,1,2,2432,59,2,2,7,8000,7,9,1151,0,0,7989,3,30,1,1711,7989,3,1,52,1,19000
1,1,2,2432,62,1,2,7,12132,12,0,634,0,0,2925,3,30,1,115,2925,3,5,1,1,100
1,1,2,2432,63,2,2,7,10712,12,0,2785,0,0,7645,5,60,1,2248,7645,5,3,0,5,0
1,1,2,2432,64,2,2,7,8000,7,9,1151,0,0,8716,1,10,1,2336,8716,1,99,52,1,300
1,1,2,2432,225,2,3,7,2490,6,0,6181,0,0,7521,1,10,1,1388,7521,1,3,52,1,2000
1,1,2,2434,35,1,2,7,12480,99,0,2242,0,0,4932,4,70,1,2284,4932,4,3,0,5,0
1,1,2,2434,36,2,2,7,51000,99,99,1496,0,0,2587,4,30,1,2210,2587,4,1,52,1,13000
1,1,2,2434,37,1,2,7,51000,99,99,1496,0,0,2587,3,30,1,2016,2587,3,7,0,5,0
1,1,2,2435,34,2,2,7,61000,12,12,2475,4,30,4565,2,22,1,1210,4565,2,99,52,1,60000
1,1,2,2435,36,2,2,7,97200,13,12,2783,5,30,7085,1,10,1,1156,7085,1,1,52,1,45000
1,1,2,2436,40,1,2,7,10000,12,14,5152,0,0,6767,1,10,1,853,6767,1,3,52,1,110000
1,1,2,2436,41,2,2,7,10000,12,14,5152,0,0,7440,1,10,1,1367,7440,1,1,27,1,9830
1,1,2,2443,34,2,2,7,26449,12,16,16,0,0,6055,1,10,1,1627,6055,1,1,52,1,28000
1,1,2,2455,32,1,2,7,126000,16,16,1265,0,0,7239,1,10,1,1389,7239,1,1,52,1,65000
1,1,2,2455,33,2,2,7,126000,16,16,1265,0,0,3070,51,30,1,1619,3070,51,7,0,5,0
1,1,2,2461,32,1,2,7,52204,13,11,4143,4,30,7202,1,10,1,1520,7202,1,1,8,1,30000
1,1,2,2461,33,1,2,7,52204,13,11,4143,5,30,7116,1,10,1,1585,7116,1,1,52,1,50000
1,1,2,2464,32,2,2,7,41631,12,0,1088,3,60,936,1,10,1,36,936,1,1,52,1,30000
1,1,2,2464,33,2,2,7,41631,12,0,1088,0,0,437,51,30,1,1006,437,51,7,52,1,3000
1,1,2,2464,34,2,2,7,41631,12,0,1088,0,0,437,3,30,1,1056,437,3,1,18,1,5000
1,1,2,2469,33,1,2,7,11000,15,14,5603,0,0,5250,51,30,1,2111,5250,51,1,0,5,0
1,1,2,2472,178,2,3,7,35000,12,0,3314,0,0,6930,2,30,1,1320,6930,2,1,0,5,0
1,1,2,2474,34,1,2,7,20500,15,14,3051,3,30,8762,3,30,1,2328,8762,3,1,25,1,15000
1,1,2,2474,35,2,2,7,24703,14,13,481,0,0,3850,3,30,1,806,3850,3,1,52,1,5280
1,1,2,2478,33,1,2,7,92235,14,99,1106,0,0,1514,3,30,1,1035,1514,3,1,52,1,55000
1,1,2,2478,34,1,2,7,92235,14,99,1106,0,0,1514,4,30,1,507,1514,4,3,52,5,300
1,1,2,2479,30,1,2,7,386250,11,11,13,0,0,1019,4,30,1,225,1019,4,1,52,1,22000
1,1,2,2483,36,1,2,7,37580,16,13,3124,0,0,7543,3,30,1,1882,7543,3,7,43,1,7000
1,1,2,2486,198,2,3,7,22297,12,0,856,0,0,1649,1,10,1,949,1649,1,6,48,1,9999999
1,1,2,2490,34,1,2,7,25100,12,99,2421,3,30,7529,1,10,1,2058,7529,1,3,52,1,27840
1,1,2,2490,37,2,2,,,,,0,0,0,8681,1,10,1,1780,8681,1,6,52,1,30000
1,1,2,2492,31,1,2,7,18959.88,12,0,2704,0,0,1553,2,30,1,466,1553,2,3,12,1,360
1,1,2,2492,172,2,3,7,25000,12,0,2380,0,0,1223,3,35,1,925,1223,3,1,49,5,1900
1,1,2,2500,32,2,2,7,41000,11,11,6085,0,0,1212,3,30,1,1092,1212,3,1,52,5,22000
1,1,2,2500,33,1,2,7,21600,12,12,3024,0,0,1227,3,30,1,566,1227,3,7,0,5,0
1,1,2,2510,36,2,2,7,63000,14,15,3223,4,30,1528,1,10,1,690,1528,1,1,52,1,55000
1,1,2,2515,38,2,2,7,34587,14,12,5924,3,33,1523,2,74,1,116,1523,2,1,52,1,4000
1,1,2,2515,43,1,2,7,26364,12,13,4954,0,0,1857,51,30,1,1426,1857,51,1,52,1,30000
1,1,2,2516,33,2,2,7,6925,12,0,3364,3,30,5919,1,10,1,226,5919,1,6,52,1,9999999
1,1,2,2516,34,1,2,7,6925,12,0,3364,0,0,5836,2,30,1,1036,5836,2,1,10,1,1200
1,1,2,2518,176,2,3,7,19000,12,0,617,3,30,1584,3,30,1,905,1584,3,3,31,1,10000
1,1,2,2524,30,1,2,7,30160,13,13,5220,3,30,6485,2,30,1,884,6485,2,3,52,1,16000
1,1,2,2524,31,2,2,7,19500,15,15,5014,3,30,4305,2,20,1,37,4305,2,1,0,5,0
1,1,2,2524,32,2,2,7,26000,17,15,4955,0,0,5817,2,20,1,725,5817,2,1,52,1,25000
1,1,2,2524,33,1,2,7,19500,15,15,5014,0,0,4187,51,30,1,508,4187,51,1,19,1,15000
1,1,2,2524,34,1,2,7,30160,13,13,5220,0,0,6485,3,30,1,950,6485,3,3,10,1,1800
1,1,2,2524,36,1,2,7,19500,15,15,5014,0,0,4187,3,30,1,38,4187,3,1,52,1,22000
1,1,2,2526,35,2,2,7,38000,12,11,5983,3,30,2535,1,10,1,117,2535,1,1,52,1,18000
1,1,2,2526,36,1,2,7,38000,12,11,5983,0,0,2255,3,35,1,467,2255,3,1,31,1,11000
1,1,2,2526,37,1,2,7,60200,11,12,5055,0,0,6360,3,33,1,2299,6360,3,1,52,5,485
1,1,2,2530,38,2,2,7,66000,16,12,3656,4,30,6042,1,10,1,534,6042,1,3,7,1,5600
1,1,2,2530,39,1,2,7,66000,16,12,3656,0,0,6205,51,30,1,378,6205,51,7,10,1,1200
1,1,2,2530,41,1,2,7,195900,13,12,4293,0,0,6656,1,10,1,1639,6656,1,1,27,1,50000
1,1,2,2530,43,2,2,7,39100,16,12,3955,0,0,3130,3,30,1,118,3130,3,6,10,1,3000
1,1,2,2530,44,2,2,7,13025,11,0,3376,0,0,3537,3,35,1,714,3537,3,7,20,5,6000
1,1,2,2541,31,2,2,7,98700,17,0,1125,0,0,885,4,30,1,2132,885,4,1,44,1,32710
1,1,2,2545,34,2,2,7,40005,12,12,2867,4,30,3228,1,10,1,1758,3228,1,1,30,5,0
1,1,2,2545,35,1,2,7,40005,12,12,2867,5,30,8033,3,30,1,2259,8033,3,1,52,1,40000
1,1,2,2545,36,2,2,7,30100,12,0,215,0,0,3373,2,30,1,281,3373,2,7,0,5,0
1,1,2,2566,40,1,2,7,16000,12,12,3371,0,0,7709,1,10,1,1804,7709,1,1,0,5,0
1,1,2,2566,41,1,2,7,16000,12,12,3371,0,0,9026,1,10,1,1872,9026,1,1,0,5,0
1,1,2,2566,43,1,2,7,16000,12,12,3371,0,0,6105,3,30,1,2183,6105,3,2,52,1,10100
1,1,2,2569,40,1,2,7,47952,12,12,3947,0,0,4391,3,30,1,535,4391,3,1,40,1,44800
1,1,2,2569,41,2,2,7,47952,12,12,3947,0,0,4391,4,30,1,39,4391,4,7,46,1,15000
1,1,2,2577,31,1,2,7,57700,13,16,4828,4,30,1915,2,40,1,1233,1915,2,1,52,1,39000
1,1,2,2578,180,1,3,7,16000,10,10,3448,3,30,4358,1,10,1,227,4358,1,1,32,1,15000
1,1,2,2586,35,2,2,7,68200,13,16,4937,3,30,6171,2,20,1,715,6171,2,1,52,1,17000
1,1,2,2590,40,2,2,7,27000,12,12,2259,3,30,4286,2,20,1,40,4286,2,1,52,1,45000
1,1,2,2590,41,2,2,7,23300,14,12,2558,3,30,3532,2,20,1,228,3532,2,1,20,1,4000
1,1,2,2590,42,2,2,7,23300,14,12,2558,4,30,8644,1,10,1,2000,8644,1,1,52,1,26000
1,1,2,2590,43,1,2,7,27000,12,12,2259,4,30,4540,1,10,1,379,4540,1,1,37,1,25000
1,1,2,2590,44,1,2,7,24777,13,0,2559,0,0,6388,1,10,1,1970,6388,1,1,52,1,50000
1,1,2,2590,46,2,2,7,23300,14,12,2558,0,0,5992,5,30,1,1781,5992,5,1,52,1,13000
1,1,2,2590,48,1,2,7,48000,16,13,1214,0,0,4539,3,30,1,1007,4539,3,7,13,1,1300
1,1,2,2590,49,2,2,7,23300,14,12,2558,0,0,5992,3,30,1,631,5992,3,7,25,1,6000
1,1,2,2590,51,1,2,7,48000,16,13,1214,0,0,4539,4,30,1,468,4539,4,7,7,1,1200
1,1,2,2591,35,2,2,7,54300,12,12,670,3,30,7963,2,22,1,1950,7963,2,1,52,1,31200
1,1,2,2593,33,2,2,7,56000,17,11,3041,3,30,1096,2,30,1,10,1096,2,1,18,1,7830
1,1,2,2593,34,2,2,7,37135,16,0,3040,0,0,797,51,30,1,469,797,51,7,23,5,3000
1,1,2,2593,35,2,2,7,37135,16,0,3040,0,0,797,2,30,1,229,797,2,7,22,1,2480
1,1,2,2603,33,2,2,7,50170,14,12,5154,5,30,984,2,22,1,470,984,2,1,52,1,18000
1,1,2,2611,37,1,2,7,56000,14,12,2950,3,30,6035,2,40,1,1928,6035,2,1,52,5,0
1,1,2,2611,38,1,2,7,56000,14,12,2950,4,30,6035,1,10,1,1065,6035,1,1,52,1,100000
1,1,2,2611,39,1,2,7,16300,99,0,161,0,0,3063,3,30,1,1774,3063,3,7,0,5,0
1,1,2,2611,40,2,2,7,66802.58,14,12,159,0,0,5742,3,33,1,402,5742,3,1,9,5,2000
1,1,2,2611,41,1,2,7,66802.58,14,12,159,0,0,4226,3,30,1,981,4226,3,7,0,5,0
1,1,2,2611,42,1,2,7,16300,99,0,161,0,0,3063,4,30,1,2337,3063,4,99,0,9,0
1,1,2,2611,43,2,2,7,66802.58,14,12,159,0,0,4226,4,30,1,982,4226,4,6,0,5,0
1,1,2,2611,45,2,2,7,60000,10,0,158,0,0,7173,5,30,1,1211,7173,5,7,52,5,60000
1,1,2,2611,181,1,3,7,60000,10,0,158,0,0,7173,4,30,1,1212,7173,4,2,52,1,29120
1,1,2,2611,189,2,3,7,56000,14,12,2950,0,0,2182,3,30,1,1298,2182,3,7,0,5,0
1,1,2,2614,37,1,2,7,53600,12,13,3547,0,0,6368,3,30,1,823,6368,3,1,33,1,30000
1,1,2,2614,178,2,3,7,22300,12,0,5982,0,0,7814,1,10,1,1759,7814,1,1,52,1,22000
1,1,2,2615,50,1,2,7,30700,16,16,889,3,30,7579,1,10,1,1515,7579,1,1,52,1,60000
1,1,2,2615,51,1,2,7,30700,16,16,889,0,0,5354,51,30,1,119,5354,51,7,0,5,0
1,1,2,2615,53,2,2,7,30700,16,16,889,0,0,5354,3,30,1,120,5354,3,1,32,1,6000
1,1,2,2615,55,2,2,7,31000,12,0,5765,0,0,7653,3,30,1,1530,7653,3,1,46,5,15800
1,1,2,2615,56,2,2,7,31000,12,0,5765,0,0,7653,4,30,1,1490,7653,4,7,52,1,9000
1,1,2,2618,33,2,2,7,36000,12,12,4704,4,30,2947,1,10,1,230,2947,1,1,52,1,14400
1,1,2,2618,34,2,2,7,79800,17,17,4665,3,30,2297,1,10,1,380,2297,1,1,52,1,53000
1,1,2,2618,36,1,2,7,36000,12,12,4704,5,30,7956,1,10,1,2173,7956,1,1,52,1,9999999
1,1,2,2618,37,1,2,7,79800,17,17,4665,4,30,7097,1,10,1,1433,7097,1,1,52,1,120000
1,1,2,2618,39,1,2,7,18600,12,12,5452,0,0,8690,1,10,1,1782,8690,1,1,52,1,48000
1,1,2,2618,40,1,2,7,36000,12,12,4704,0,0,5062,3,30,1,381,5062,3,1,52,1,30000
1,1,2,2618,41,2,2,7,79800,17,17,4665,0,0,8022,3,30,1,1783,8022,3,1,52,1,14000
1,1,2,2618,42,2,2,7,18600,12,12,5452,0,0,7553,1,10,1,1250,7553,1,1,20,1,5000
1,1,2,2618,43,2,2,7,79800,17,17,4665,0,0,8022,4,30,1,2049,8022,4,1,52,5,9000
1,1,2,2618,45,2,2,7,18600,12,12,5452,0,0,7043,3,30,1,1393,7043,3,1,52,1,4631
1,1,2,2621,34,2,2,7,23000,12,0,5727,3,30,7428,2,22,1,1213,7428,2,1,52,1,35000
1,1,2,2621,36,1,2,7,23000,12,0,5727,0,0,3524,1,10,1,471,3524,1,1,52,1,30000
1,1,2,2628,38,1,2,7,125400,16,16,3012,4,30,3694,1,10,1,906,3694,1,1,52,1,100000
1,1,2,2628,39,1,2,7,88500,17,16,2011,0,0,6842,52,30,1,824,6842,52,1,52,1,36000
1,1,2,2628,40,2,2,7,88500,17,16,2011,0,0,6842,51,30,1,1251,6842,51,1,52,5,2700
1,1,2,2635,31,1,2,7,56200,14,13,2571,0,0,5271,1,10,1,336,5271,1,1,51,1,28000
1,1,2,2636,31,1,2,7,22128,12,12,3528,0,0,9214,1,10,1,2037,9214,1,1,52,1,9999999
1,1,2,2636,32,2,2,7,22128,12,12,3528,0,0,7902,1,10,1,2038,7902,1,1,52,1,20800
1,1,2,2639,30,2,2,7,52500,14,14,4791,3,30,3548,4,30,1,1505,3548,4,1,52,1,40000
1,1,2,2639,31,1,2,7,52500,14,14,4791,0,0,3548,3,30,1,1526,3548,3,1,52,1,55000
1,1,2,2640,30,1,2,7,69500,16,12,3852,3,30,6743,1,10,1,951,6743,1,1,52,1,160000
1,1,2,2642,35,1,2,7,16560,16,9,5993,4,30,3201,1,10,1,871,3201,1,1,52,1,30000
1,1,2,2646,34,2,2,7,5000,15,0,3410,0,0,6713,3,30,1,926,6713,3,7,19,1,600
1,1,2,2646,35,2,2,7,48900,14,0,1056,0,0,9131,3,60,1,2338,9131,3,99,0,9,0
1,1,2,2646,36,2,2,7,5000,15,0,3410,0,0,6713,2,30,1,1180,6713,2,1,52,1,150
1,1,2,2647,31,1,2,7,19800,13,13,1697,0,0,1712,1,10,1,1299,1712,1,3,0,5,0
1,1,2,2649,179,2,3,,,,,0,0,0,7969,2,22,1,2270,7969,2,1,0,5,0
1,1,2,2649,184,2,3,,,,,0,0,0,7642,3,30,1,1540,7642,3,3,0,5,0
1,1,2,2653,31,1,2,7,30340,16,17,1421,0,0,6082,3,30,1,704,6082,3,1,52,1,34536
1,1,2,2653,32,2,2,7,30340,16,17,1421,0,0,8546,1,10,1,1768,8546,1,1,52,1,18000
1,1,2,2655,35,1,2,7,26000,99,11,2745,0,0,5113,2,30,1,673,5113,2,6,52,1,20000
1,1,2,2660,33,1,2,7,44000,12,16,3958,5,30,6601,3,30,1,1057,6601,3,3,3,1,1680
1,1,2,2661,43,1,2,7,24482,9,12,2132,3,60,5363,3,60,1,1890,5363,3,1,52,1,21367
1,1,2,2661,44,2,2,7,2680,11,0,3660,2,30,4069,1,10,1,382,4069,1,1,0,5,0
1,1,2,2661,45,2,2,7,2680,11,0,3660,0,0,4430,1,10,1,632,4430,1,1,52,1,20020
1,1,2,2661,46,2,2,7,24482,9,12,2132,0,0,5292,1,10,1,121,5292,1,1,51,1,22600
1,1,2,2661,47,2,2,7,32800,11,12,4598,0,0,5322,2,22,1,122,5322,2,1,21,1,20000
1,1,2,2665,38,2,2,7,22020,12,12,5523,3,30,4445,2,20,1,123,4445,2,6,0,5,0
1,1,2,2679,31,2,2,7,39440.57,10,13,4120,0,0,9240,3,35,1,1887,9240,3,1,36,1,4000
1,1,2,2688,36,1,2,7,7500,12,0,619,2,30,7647,1,10,1,1419,7647,1,1,52,1,23000
1,1,2,2688,37,2,2,7,33651,12,12,1664,0,0,7560,2,30,1,1122,7560,2,7,0,5,0
1,1,2,2688,38,1,2,7,7500,12,0,619,0,0,7150,2,30,1,1848,7150,2,7,0,5,0
1,1,2,2688,180,1,3,7,33651,12,12,1664,0,0,4704,2,30,1,587,4704,2,6,0,5,0
1,1,2,2701,49,2,2,7,25800,10,0,2951,4,60,7594,1,10,1,1506,7594,1,3,52,1,9999999
1,1,2,2701,50,1,2,7,41000,15,99,2324,4,30,8137,1,10,1,2201,8137,1,1,52,1,105000
1,1,2,2701,51,1,2,7,25800,10,0,2951,5,60,8764,1,10,1,1712,8764,1,3,52,1,26925
1,1,2,2701,55,1,2,7,41000,15,99,2324,0,0,7468,1,10,1,1157,7468,1,1,41,5,0
1,1,2,2701,211,2,3,7,41000,15,99,2324,73,75,5798,1,10,1,124,5798,1,1,0,5,0
1,1,2,2701,216,2,3,7,41000,15,99,2324,0,0,7526,1,10,1,1649,7526,1,1,36,1,9999999
1,1,2,2701,217,1,3,7,41000,15,99,2324,0,0,3970,1,10,1,1633,3970,1,3,0,5,0
1,1,2,2701,225,2,3,7,8524,13,0,2100,0,0,8137,2,40,1,2065,8137,2,1,52,1,42000
1,1,2,2701,230,1,3,7,8524,13,0,2100,0,0,3219,3,30,1,2275,3219,3,3,39,1,4608
1,1,2,2701,232,2,3,7,8524,13,0,2100,0,0,8151,2,30,1,2218,8151,2,2,10,1,3000
1,1,2,2701,238,1,3,7,7008,10,0,5064,0,0,7265,3,30,1,1404,7265,3,6,0,5,0
1,1,2,2701,251,2,3,7,8524,13,0,2100,0,0,3219,2,30,1,2285,3219,2,6,52,1,17550
1,1,2,2704,196,1,3,7,107721,12,11,2821,0,0,8291,1,10,1,1917,8291,1,1,8,1,10000
1,1,2,2707,47,2,2,7,31038,13,0,2256,0,0,6098,1,10,1,1037,6098,1,6,43,1,9999999
1,1,2,2707,50,1,2,7,31038,13,0,2256,0,0,6482,1,10,1,2078,6482,1,6,52,1,9999999
1,1,2,2708,179,1,3,7,34900,16,13,6036,0,0,4955,1,10,1,651,4955,1,3,52,1,60000
1,1,2,2712,32,2,2,7,20000,16,12,6219,3,30,8633,2,20,1,2317,8633,2,1,1,1,500
1,1,2,2712,33,2,2,7,20000,16,12,6219,0,0,6224,51,30,1,509,6224,51,1,26,1,19920
1,1,2,2714,36,1,2,7,42092,12,12,2882,3,30,8254,1,10,1,2091,8254,1,1,37,1,25000
1,1,2,2714,39,1,2,7,22400,12,0,5302,0,0,4791,3,33,1,1038,4791,3,1,52,1,15000
1,1,2,2714,183,2,3,7,22400,12,0,5302,3,30,3512,1,10,1,1287,3512,1,1,47,1,26000
1,1,2,2717,38,2,2,7,66200,12,14,2470,3,30,767,1,10,1,231,767,1,1,52,1,75000
1,1,2,2717,39,1,2,7,66200,12,14,2470,0,0,839,3,30,1,1613,839,3,3,52,1,30000
1,1,2,2726,30,2,2,7,27000,16,16,5569,3,30,7378,1,10,1,1123,7378,1,1,51,1,9999999
1,1,2,2726,31,1,2,7,27000,16,16,5569,4,30,4731,3,30,1,510,4731,3,3,51,1,54000
1,1,2,2727,39,1,2,7,99000,13,12,4998,0,0,4641,3,33,1,633,4641,3,1,31,5,5000
1,1,2,2752,33,2,2,7,57462,12,12,120,3,30,660,2,20,1,567,660,2,1,43,1,52000
1,1,2,2755,32,2,2,7,31500,15,16,2690,0,0,7575,2,20,1,1581,7575,2,1,48,1,50000
1,1,2,2755,33,2,2,7,64400,15,16,3079,0,0,5120,3,30,1,652,5120,3,7,0,5,0
1,1,2,2756,34,1,2,7,44337,12,13,578,4,30,1502,1,10,1,1093,1502,1,1,52,1,18000
1,1,2,2760,174,1,3,7,68400,12,13,1208,0,0,8949,1,10,1,1837,8949,1,1,52,1,76000
1,1,2,2770,32,1,2,7,15000,14,0,4328,0,0,940,3,30,1,885,940,3,3,52,1,10000
1,1,2,2771,35,1,2,7,63787,16,0,4837,2,30,2020,1,10,1,125,2020,1,1,52,1,43000
1,1,2,2781,34,2,2,7,105992,17,16,3438,0,0,4219,2,30,1,1347,4219,2,5,52,1,7000
1,1,2,2781,35,2,2,7,192358,12,14,5616,0,0,7974,3,30,1,2112,7974,3,1,27,1,4000
1,1,2,2786,33,1,2,7,22429.5,10,10,1495,3,30,8003,3,30,1,2020,8003,3,1,52,1,46800
1,1,2,2786,34,1,2,7,13577,10,0,742,4,30,8320,1,10,1,2243,8320,1,1,52,1,80000
1,1,2,2794,31,1,2,7,80700,16,0,5423,0,0,3785,3,33,1,785,3785,3,6,10,1,350
1,1,2,2799,32,2,2,7,68800,17,16,2928,4,30,4355,1,10,1,126,4355,1,1,52,1,33000
1,1,2,2799,33,2,2,7,68800,17,16,2928,0,0,5360,51,30,1,11,5360,51,7,52,1,8000
1,1,2,2802,31,1,2,7,40400,12,0,3191,0,0,7339,3,30,1,1644,7339,3,1,10,1,500
1,1,2,2805,32,2,2,7,51000,16,0,1357,0,0,7984,3,30,1,1838,7984,3,1,0,5,0
1,1,2,2827,32,1,2,,,,,0,0,0,8775,1,10,1,2184,8775,1,1,52,1,75000
1,1,2,2827,33,2,2,,,,,0,0,0,5432,2,30,1,1485,5432,2,1,0,5,0
1,1,2,2827,178,1,3,,,,,0,0,0,8866,1,10,1,1936,8866,1,1,52,1,40000
1,1,2,2828,33,1,2,7,29000,16,0,1689,0,0,3766,2,30,1,2266,3766,2,1,0,5,0
1,1,2,2835,30,1,2,7,68000,16,17,1915,3,30,8242,1,10,1,2092,8242,1,1,52,1,43000
1,1,2,2835,32,2,2,7,68000,16,17,1915,0,0,5613,51,33,1,1066,5613,51,7,0,5,0
1,1,2,2838,34,2,2,7,37000,12,15,4684,0,0,8908,1,10,1,2329,8908,1,1,52,1,9999999
1,1,2,2845,40,2,2,7,21841,10,12,2832,0,0,7111,1,10,1,1270,7111,1,1,52,1,12000
1,1,2,2846,177,2,3,7,12350,10,12,3686,4,30,1394,2,20,1,12,1394,2,3,52,1,9999999
1,1,2,2847,42,1,2,7,16000,13,0,3294,0,0,4804,3,30,1,1634,4804,3,1,45,1,34500
1,1,2,2847,43,1,2,7,16000,13,0,3294,0,0,4804,4,30,1,282,4804,4,3,0,5,0
1,1,2,2848,41,1,2,7,23480,11,12,461,3,30,7516,1,10,1,2118,7516,1,6,52,1,95000
1,1,2,2848,42,1,2,7,23480,11,12,461,4,30,7888,1,10,1,1985,7888,1,1,52,1,12000
1,1,2,2848,43,1,2,7,13112,12,0,3807,4,60,4583,1,10,1,232,4583,1,1,51,1,30000
1,1,2,2851,34,2,2,7,79260,16,17,1399,3,30,7643,2,22,1,1640,7643,2,1,52,1,25000
1,1,2,2851,35,1,2,7,79260,16,17,1399,4,30,7463,1,10,1,1368,7463,1,1,31,1,15000
1,1,2,2852,47,1,2,7,32500,13,12,715,5,30,5880,3,33,1,588,5880,3,1,52,1,11500
1,1,2,2852,49,2,2,7,10220,13,0,2525,6,30,3248,3,33,1,383,3248,3,5,0,5,0
1,1,2,2852,50,1,2,7,27612,12,99,3794,3,30,4938,1,10,1,233,4938,1,2,52,1,68000
1,1,2,2852,52,2,2,7,28500,99,12,709,3,30,3071,2,22,1,653,3071,2,7,52,1,30000
1,1,2,2852,53,1,2,7,32500,13,12,715,6,30,5880,4,33,1,283,5880,4,1,52,1,13146
1,1,2,2852,54,2,2,7,28500,99,12,709,4,30,4448,1,10,1,127,4448,1,1,52,1,18000
1,1,2,2852,55,1,2,7,27869,12,0,412,0,0,4584,1,10,1,2276,4584,1,1,52,1,42000
1,1,2,2852,56,2,2,7,27612,12,99,3794,0,0,6944,2,22,1,1181,6944,2,1,52,1,34000
1,1,2,2852,57,1,2,7,28500,99,12,709,0,0,7068,1,10,1,1510,7068,1,2,52,1,22000
1,1,2,2852,59,2,2,7,66640.52,13,13,710,0,0,7254,2,22,1,1201,7254,2,6,50,1,500
1,1,2,2860,33,1,2,7,59400,14,14,4331,0,0,8012,1,10,1,2154,8012,1,1,52,1,26000
1,1,2,2861,31,1,2,7,68890,14,12,243,0,0,327,3,60,1,337,327,3,1,52,1,61133
1,1,2,2869,31,1,2,7,40200,15,13,1633,3,30,7603,1,10,1,1855,7603,1,1,52,1,60000
1,1,2,2880,30,2,2,7,56000,17,16,4536,3,30,9194,2,20,1,1965,9194,2,1,41,1,5800
1,1,2,2880,32,1,2,7,84200,17,17,5050,0,0,7448,51,30,1,1399,7448,51,7,19,1,500
1,1,2,2881,38,2,2,7,64745,14,14,5751,0,0,7317,1,10,1,1541,7317,1,1,52,1,4500
1,1,2,2882,34,2,2,7,67300,99,14,4710,4,30,656,1,10,1,41,656,1,1,0,5,0
1,1,2,2885,34,1,2,7,25000,17,17,4102,0,0,1284,1,10,1,421,1284,1,6,13,1,2000
1,1,2,2887,37,2,2,7,8088,99,0,55,0,0,1409,52,30,1,1558,1409,52,99,33,1,125
1,1,2,2887,180,2,3,7,8088,99,0,55,0,0,1409,51,30,1,1358,1409,51,3,52,5,36000
1,1,2,2888,30,1,2,7,52560,12,12,297,3,30,385,2,30,1,234,385,2,6,0,5,0
1,1,2,2895,34,2,2,7,32000,11,12,4267,5,30,5383,2,22,1,422,5383,2,1,52,1,16000
1,1,2,2897,35,1,2,7,56800,13,14,1258,5,30,4461,1,10,1,235,4461,1,1,52,1,60000
1,1,2,2897,38,2,2,7,38600,9,0,3318,0,0,7819,2,20,1,1682,7819,2,6,30,1,20000
1,1,2,2897,39,2,2,7,38600,9,0,3318,0,0,6374,3,30,1,800,6374,3,1,52,1,30000
1,1,2,2897,40,2,2,7,38600,9,0,3318,0,0,6374,4,30,1,1039,6374,4,1,52,5,5000
1,1,2,2897,197,1,3,7,38600,9,0,3318,0,0,6374,51,30,1,1400,6374,51,1,47,1,22000
1,1,2,2900,34,1,2,7,37900,16,0,5268,0,0,8610,1,10,1,2339,8610,1,99,6,1,2700
1,1,2,2902,32,2,2,7,109000,16,16,5142,3,30,6739,2,22,1,2099,6739,2,1,52,1,69500
1,1,2,2902,33,1,2,7,78570,16,16,5127,5,30,2779,3,30,1,2300,2779,3,1,21,1,18000
1,1,2,2902,34,2,2,7,109000,16,16,5142,0,0,5350,51,30,1,2249,5350,51,3,31,1,6000
1,1,2,2902,35,1,2,7,109000,16,16,5142,0,0,5350,3,30,1,2280,5350,3,1,0,5,0
1,1,2,2910,33,1,2,7,72000,16,14,2220,5,30,7762,1,10,1,1925,7762,1,2,12,1,3000
1,1,2,2916,31,2,2,7,37209.95,13,10,3258,3,30,7102,1,10,1,1300,7102,1,5,0,5,0
1,1,2,2916,32,1,2,7,37209.95,13,10,3258,4,30,4311,1,10,1,472,4311,1,1,52,1,36000
1,1,2,2924,31,2,2,7,104000,11,12,5075,3,30,5559,1,10,1,536,5559,1,1,6,1,8000
1,1,2,2924,32,2,2,7,104000,11,12,5075,4,30,7344,2,20,1,1434,7344,2,1,46,1,33600
1,1,2,2924,33,1,2,7,36000,17,0,4535,0,0,4910,3,30,1,654,4910,3,1,0,5,0
1,1,2,3002,2,2,1,7,75400,17,0,10136,2,30,7760,1,10,1,1812,7760,1,1,49,1,67956
1,1,2,3013,30,1,2,7,32000,16,0,10050,0,0,7809,51,30,1,2045,7809,51,7,52,1,5000
1,1,2,3018,4,1,1,7,200,11,0,10153,4,30,627,3,30,1,423,627,3,1,52,1,28000
1,1,2,3023,4,1,1,7,46700,16,99,10034,4,30,459,3,30,1,786,459,3,7,52,1,41000
1,1,2,3024,3,2,1,7,4720,6,6,10392,3,30,854,3,30,1,787,854,3,1,47,1,9999999
1,1,2,3024,30,1,2,7,4720,6,6,10392,0,0,854,4,30,1,801,854,4,3,0,5,0
1,1,2,3025,4,2,1,7,29000,99,15,10400,4,30,1698,3,30,1,2340,1698,3,6,41,1,28290
1,1,2,3027,2,1,1,7,13121,12,0,10033,2,30,390,2,30,1,338,390,2,3,24,5,315
1,1,2,3027,30,1,2,7,13121,12,0,10033,0,0,390,3,30,1,1552,390,3,1,52,1,15600
1,1,2,3034,174,2,4,7,44520,14,17,10232,0,0,2329,2,20,1,1713,2329,2,1,30,1,15000
1,1,2,3052,30,1,2,7,46801,6,0,10011,0,0,4839,2,30,1,537,4839,2,5,0,5,0
1,1,2,3052,31,2,2,7,46801,6,0,10011,0,0,4839,3,30,1,236,4839,3,7,52,1,15000
1,1,2,3054,30,1,2,7,50364,14,7,10148,0,0,7357,51,30,1,1332,7357,51,7,21,1,28000
1,1,2,3055,4,2,1,7,14605,16,17,10057,4,30,7351,1,10,1,1531,7351,1,1,36,1,22000
1,1,2,3063,6,1,1,7,12280,6,8,10165,6,30,1449,1,10,1,237,1449,1,1,52,1,17000
1,1,2,3063,170,2,4,7,12280,6,8,10165,0,0,1449,2,20,1,238,1449,2,6,20,1,43000
1,1,2,3066,3,1,1,7,39900,99,17,10008,3,30,501,1,10,1,128,501,1,1,52,1,155000
1,1,2,3066,30,1,2,7,39900,99,17,10008,0,0,30,51,30,1,511,30,51,1,14,1,15000
1,1,2,3078,3,2,1,7,104600,15,16,10149,3,30,6576,2,30,1,983,6576,2,1,52,1,50000
1,1,2,3078,30,2,2,7,104600,15,16,10149,0,0,6576,3,30,1,825,6576,3,7,31,5,12000
1,1,2,3086,30,1,2,7,54300,6,16,10161,0,0,7772,3,30,1,2032,7772,3,1,52,5,24000
1,1,2,3088,4,2,1,7,32000,6,0,10363,4,70,1565,2,30,1,1040,1565,2,1,52,5,24000
1,1,2,3088,5,2,1,7,32000,6,0,10363,5,70,1565,3,30,1,1041,1565,3,1,52,1,24000
1,1,2,3090,4,2,1,7,113400,17,17,10255,4,30,284,1,10,1,1008,284,1,1,52,1,87000
1,1,2,3094,4,2,1,7,17000,12,9,10377,4,30,878,1,10,1,284,878,1,1,26,1,9999999
1,1,2,3095,30,1,2,7,45480,3,0,10376,0,0,1694,3,30,1,1401,1694,3,1,52,1,9999999
1,1,2,3096,3,2,1,7,69000,17,16,10029,3,30,6951,1,10,1,1394,6951,1,7,52,1,14000
1,1,2,3096,30,2,2,7,69000,17,16,10029,0,0,6951,2,40,1,1714,6951,2,1,29,1,13000
1,1,2,3098,30,1,2,7,43000,4,11,10171,0,0,6790,2,30,1,940,6790,2,2,52,1,9999999
1,1,2,3099,4,1,1,7,7353,11,16,10097,4,30,1721,1,10,1,1381,1721,1,6,52,1,50000
1,1,2,3099,5,1,1,7,7353,11,16,10097,5,30,1594,1,10,1,2155,1594,1,6,40,1,9999999
1,1,2,3099,30,1,2,7,7353,11,16,10097,0,0,1391,4,30,1,1427,1391,4,1,28,1,5700
1,1,2,3109,3,1,1,7,54000,17,16,10429,3,30,6380,1,10,1,1683,6380,1,1,17,1,70000
1,1,2,3111,5,2,1,7,8484,9,0,10180,5,30,6378,2,30,1,1959,6378,2,1,52,1,56996
1,1,2,3113,3,1,1,7,26000,11,16,10327,3,30,774,3,30,1,285,774,3,1,33,1,21400
1,1,2,3116,2,1,1,7,21000,14,0,10051,2,30,421,2,30,1,129,421,2,1,52,1,48000
1,1,2,3125,5,2,1,7,26800,4,2,10028,5,30,7985,2,30,1,2059,7985,2,1,52,1,36000
1,1,2,3131,2,1,1,7,7800,12,0,10086,2,30,994,1,10,1,339,994,1,1,37,1,86000
1,1,2,3131,3,1,1,7,7800,12,0,10086,3,30,803,2,30,1,473,803,2,1,52,5,10000
1,1,2,3133,3,1,1,7,12000,11,6,10280,3,30,7992,2,30,1,2093,7992,2,1,52,1,33280
1,1,2,3133,30,2,2,7,12000,11,6,10280,0,0,7992,3,30,1,2156,7992,3,1,52,1,54000
1,1,2,3133,31,2,2,7,12000,11,6,10280,0,0,7992,4,30,1,1971,7992,4,6,8,1,2000
1,1,2,3135,4,1,1,7,8000,7,9,10085,4,30,1714,3,30,1,961,1714,3,1,52,5,25000
1,1,2,3135,30,2,2,7,8000,7,9,10085,0,0,1930,2,22,1,1224,1930,2,6,48,1,21000
1,1,2,3136,3,2,1,7,29000,13,12,10123,3,30,8209,2,20,1,1888,8209,2,1,52,1,9999999
1,1,2,3136,30,2,2,7,29000,13,12,10123,0,0,8209,3,47,1,1891,8209,3,7,0,5,0
1,1,2,3137,30,1,2,7,34400,0,6,10124,0,0,793,51,30,1,512,793,51,1,52,5,56000
1,1,2,3137,32,1,2,7,34400,0,6,10124,0,0,793,2,30,1,1341,793,2,1,19,5,6650
1,1,2,3140,4,2,1,7,92200,17,13,10174,4,30,6112,3,30,1,1009,6112,3,1,52,1,52000
1,1,2,3140,5,2,1,7,92200,17,13,10174,5,30,7388,1,10,1,1865,7388,1,1,52,1,40000
1,1,2,3143,30,2,2,7,20180,0,0,10422,0,0,1896,1,10,1,2050,1896,1,1,52,1,9999999
1,1,2,3147,6,2,1,7,79000,12,11,10201,6,30,6573,2,20,1,1395,6573,2,1,52,1,65000
1,1,2,3149,30,2,2,7,23000,11,11,10262,0,0,5272,3,30,1,1895,5272,3,1,43,1,8100
1,1,2,3151,5,2,1,7,60000,9,9,10042,5,30,5424,4,30,1,2094,5424,4,1,20,5,21600
1,1,2,3151,30,1,2,7,60000,9,9,10042,0,0,5424,3,30,1,2341,5424,3,99,0,9,0
1,1,2,3156,4,1,1,7,32400,13,14,10298,4,30,2615,3,30,1,2060,2615,3,1,52,1,44000
1,1,2,3162,6,2,1,7,19852,12,12,10156,6,30,9157,1,10,1,2157,9157,1,3,52,1,40000
1,1,2,3172,171,2,3,7,37000,15,8,10173,0,0,3178,3,30,1,854,3178,3,7,52,5,2658
1,1,2,3176,5,1,1,7,18800,12,12,10039,5,30,2307,3,30,1,538,2307,3,3,0,5,0
1,1,2,3176,30,2,2,7,18800,12,12,10039,0,0,3640,3,40,1,1873,3640,3,1,52,1,8000
1,1,2,3176,31,2,2,7,18800,12,12,10039,0,0,2307,4,30,1,340,2307,4,99,52,5,2000
1,1,2,3177,3,2,1,7,21784,11,6,10219,3,30,4518,1,10,1,984,4518,1,1,0,5,0
1,1,2,3179,6,1,1,7,22010,9,0,10416,6,70,1881,3,30,1,1435,1881,3,3,0,5,0
1,1,2,3179,30,2,2,7,22010,9,0,10416,0,0,1881,4,30,1,1158,1881,4,2,43,5,22500
1,1,2,3190,171,1,3,7,32700,12,0,10155,0,0,1672,3,35,1,1252,1672,3,7,31,1,1488
1,1,2,3193,30,2,2,7,22800,2,0,10054,0,0,4543,51,30,1,1124,4543,51,1,51,1,26000
1,1,2,3193,32,1,2,7,22800,2,0,10054,0,0,2069,3,33,1,130,2069,3,1,52,1,11000
1,1,2,3193,33,1,2,7,22800,2,0,10054,0,0,4543,3,30,1,907,4543,3,7,35,1,500
1,1,2,3194,30,2,2,7,24000,11,0,10135,0,0,8383,2,20,1,1760,8383,2,1,0,5,0
1,1,2,3196,7,2,1,7,3150,6,6,10303,7,30,5161,3,30,1,2174,5161,3,1,45,1,8000
1,1,2,3196,8,1,1,7,3150,6,6,10303,8,30,5161,4,30,1,2281,5161,4,1,0,5,0
1,1,2,3199,4,2,1,7,7476,4,0,10159,4,65,1785,3,30,1,970,1785,3,7,48,1,10458
1,1,2,3199,30,2,2,7,7476,4,0,10159,0,0,1785,4,30,1,1225,1785,4,7,28,1,15
1,1,2,3201,31,1,2,7,12000,11,0,10441,0,0,4269,2,30,1,239,4269,2,3,0,5,0
1,1,2,3204,4,1,1,7,29000,9,9,10146,4,30,593,3,30,1,726,593,3,1,52,5,21216
1,1,2,3204,5,2,1,7,29000,9,9,10146,5,30,593,4,30,1,384,593,4,1,52,5,31850
1,1,2,3207,31,1,2,7,40322,12,9,10036,0,0,1513,2,30,1,908,1513,2,7,3,1,570
1,1,2,3208,4,1,1,7,1800,6,0,10181,4,30,4169,3,30,1,1042,4169,3,5,0,5,0
1,1,2,3208,30,1,2,7,1800,6,0,10181,0,0,7326,1,10,1,1769,7326,1,1,48,1,20000
1,1,2,3208,31,2,2,7,1800,6,0,10181,0,0,4169,2,30,1,741,4169,2,7,52,5,9080
1,1,2,3211,4,2,1,7,22000,0,0,10162,4,30,1869,3,30,1,1182,1869,3,1,24,1,10440
1,1,2,3211,30,1,2,7,22000,0,0,10162,0,0,1869,4,30,1,1516,1869,4,1,52,1,25000
1,1,2,3211,170,2,3,7,22000,0,0,10162,0,0,1869,5,30,1,1253,1869,5,1,9,1,6000
1,1,2,3212,5,1,1,7,7400,3,0,10251,5,30,5248,5,40,1,2051,5248,5,3,0,5,0
1,1,2,3214,30,2,2,7,14040,0,0,10273,0,0,8541,2,20,1,2301,8541,2,6,0,5,0
1,1,2,3217,3,1,1,7,20000,12,14,10026,3,33,5857,3,33,1,131,5857,3,1,52,1,12000
1,1,2,3217,30,2,2,7,20000,12,14,10026,0,0,8938,1,10,1,2113,8938,1,1,52,1,8000
1,1,2,3221,5,2,1,7,19332.68,14,13,10089,5,30,1408,3,30,1,132,1408,3,3,37,1,10000
1,1,2,3225,6,2,1,7,22300,16,8,10115,6,30,6185,2,22,1,1796,6185,2,1,52,1,45500
1,1,2,3226,3,2,1,7,44100,14,14,10384,3,30,4566,1,10,1,286,4566,1,1,52,1,39385
1,1,2,3226,30,1,2,7,44100,14,14,10384,0,0,7770,3,30,1,1876,7770,3,7,0,5,0
1,1,2,3227,30,2,2,7,14169.24,6,9,10134,0,0,5750,3,30,1,855,5750,3,7,52,1,22620
1,1,2,3228,6,1,1,7,24000,9,6,10067,6,30,4659,5,30,1,909,4659,5,3,34,1,7000
1,1,2,3229,4,1,1,7,32023,6,8,10098,4,30,583,4,30,1,133,583,4,6,52,1,14560
1,1,2,3231,3,1,1,7,9230.57,10,9,10332,3,30,8007,3,30,1,1977,8007,3,1,12,1,5400
1,1,2,3231,30,2,2,7,9230.57,10,9,10332,0,0,8007,4,30,1,1797,8007,4,7,27,1,2000
1,1,2,3235,6,1,1,7,33000,11,11,10372,6,30,8509,1,10,1,2114,8509,1,1,52,1,60000
1,1,2,3237,30,1,2,7,28000,1,2,10003,0,0,8251,3,35,1,2007,8251,3,2,52,5,11300
1,1,2,3237,31,2,2,7,28000,1,2,10003,0,0,3690,3,33,1,1866,3690,3,7,30,1,11000
1,1,2,3237,33,1,2,7,28000,1,2,10003,0,0,3690,4,33,1,2079,3690,4,1,52,1,8000
1,1,2,3239,3,2,1,7,32000,6,6,10071,3,30,925,3,30,1,600,925,3,1,33,1,18000
1,1,2,3239,4,2,1,7,32000,6,6,10071,4,30,925,4,30,1,568,925,4,1,40,1,10920
1,1,2,3239,30,2,2,7,32000,6,6,10071,0,0,925,5,30,1,927,925,5,6,0,5,0
1,1,2,3240,6,1,1,7,20000,6,6,10099,6,30,937,1,10,1,474,937,1,2,52,1,52000
1,1,2,3240,30,2,2,7,20000,6,6,10099,0,0,1014,3,30,1,1610,1014,3,1,40,1,8000
1,1,2,3240,172,2,4,7,20000,6,6,10099,0,0,937,2,20,1,1010,937,2,6,0,5,0
1,1,2,3242,30,1,2,7,15300,3,3,10073,0,0,5164,2,30,1,993,5164,2,1,52,1,38000
1,1,2,3243,30,2,2,7,17600,6,7,10090,0,0,7542,3,30,1,1839,7542,3,1,0,5,0
1,1,2,3243,31,1,2,7,17600,6,7,10090,0,0,7542,4,30,1,1856,7542,4,3,0,5,0
1,1,2,3250,30,1,2,7,21600,10,6,10072,0,0,2676,2,30,1,2204,2676,2,1,34,1,20000
1,1,2,3257,6,1,1,7,9800,6,6,10143,6,30,955,3,30,1,240,955,3,3,0,5,0
1,1,2,3257,30,1,2,7,9800,6,6,10143,0,0,955,51,30,1,241,955,51,3,0,5,0
1,1,2,3258,5,1,1,7,17000,6,5,10083,5,30,7839,1,10,1,1784,7839,1,1,52,1,130000
1,1,2,3268,174,1,3,7,23000,12,0,10199,0,0,4609,2,30,1,287,4609,2,1,22,1,6000
1,1,2,3268,175,1,3,7,23000,12,0,10199,0,0,4609,3,30,1,952,4609,3,1,22,1,12200
1,1,2,3275,4,1,1,7,125000,15,15,10185,4,30,989,3,30,1,134,989,3,1,52,1,90000
1,1,2,3277,5,1,1,7,7080,10,0,10358,5,30,8105,1,10,1,1742,8105,1,1,52,1,29000
1,1,2,3281,6,2,1,7,1,12,6,10235,6,30,6262,2,20,1,2302,6262,2,6,0,5,0
1,1,2,3285,30,1,2,7,29000,6,0,10333,0,0,1100,2,30,1,2119,1100,2,3,34,1,20000
1,1,2,3285,31,2,2,7,29000,6,0,10333,0,0,1100,3,30,1,1566,1100,3,3,0,5,0
1,1,2,3288,30,1,2,7,16800,12,0,10236,0,0,1376,2,30,1,1183,1376,2,3,31,1,21000
1,1,2,3293,30,1,2,7,28200,12,0,10382,0,0,7047,3,30,1,1333,7047,3,7,11,1,750
1,1,2,3302,4,1,1,7,28200,17,16,10442,4,30,1496,1,10,1,513,1496,1,1,52,1,110000
1,1,2,3303,30,2,2,7,51000,0,3,10388,0,0,5923,3,30,1,1579,5923,3,7,0,5,0
1,1,2,3306,30,2,2,7,14115,17,0,10258,0,0,652,2,30,1,1058,652,2,7,0,5,0
1,1,2,3309,4,1,1,7,95000,17,14,10291,4,30,90,3,30,1,856,90,3,1,0,5,0
1,1,2,3311,30,2,2,7,26000,0,8,10405,0,0,5831,2,30,1,135,5831,2,7,12,1,2205
1,1,2,3316,30,1,2,7,80300,17,17,10336,0,0,1126,3,30,1,807,1126,3,7,0,5,0
1,1,2,3327,5,2,1,7,23800,6,8,10423,5,30,1446,2,20,1,288,1446,2,6,0,5,0
1,1,2,3333,30,1,2,7,29250,9,9,10278,0,0,1619,3,30,1,826,1619,3,3,0,5,0
1,1,2,3336,3,1,1,7,-64500,10,16,10183,3,30,1677,3,30,1,1159,1677,3,1,0,5,0
1,1,2,3340,30,2,2,7,109000,16,17,10264,0,0,1193,3,30,1,136,1193,3,7,0,5,0
1,1,2,3340,31,1,2,7,109000,16,17,10264,0,0,1193,4,30,1,1376,1193,4,7,8,1,2400
1,1,2,3341,31,1,2,7,89100,12,11,10369,0,0,5368,3,30,1,1011,5368,3,7,23,1,8000
1,1,2,3341,32,1,2,7,89100,12,11,10369,0,0,5368,4,30,1,910,5368,4,7,0,5,0
1,1,2,3345,3,2,1,7,17600,0,11,10344,3,30,9210,2,22,1,2342,9210,2,99,52,1,26720
1,1,2,3345,4,1,1,7,17600,0,11,10344,4,30,7639,3,30,1,1650,7639,3,6,0,5,0
1,1,2,3345,5,2,1,7,17600,0,11,10344,5,30,8274,1,10,1,2343,8274,1,99,52,1,20000
1,1,2,3345,31,2,2,7,17600,0,11,10344,0,0,7639,51,30,1,1651,7639,51,7,0,5,0
1,1,2,3348,6,2,1,7,33020,1,0,10297,6,60,7662,1,10,1,1312,7662,1,1,52,1,25000
1,1,2,3348,30,1,2,7,33020,1,0,10297,0,0,2848,51,30,1,242,2848,51,1,52,1,7078
1,1,2,3348,31,1,2,7,33020,1,0,10297,0,0,7274,1,10,1,1334,7274,1,1,51,1,10000
1,1,2,3348,32,1,2,7,33020,1,0,10297,0,0,2848,3,33,1,2211,2848,3,7,37,5,9000
1,1,2,3349,4,2,1,7,32000,16,14,10225,4,30,7548,2,20,1,1160,7548,2,1,26,1,25000
1,1,2,3353,3,1,1,7,46000,12,15,10267,3,33,4140,51,33,1,634,4140,51,7,52,1,500
1,1,2,3353,4,2,1,7,46000,12,15,10267,4,30,7452,1,10,1,1428,7452,1,1,44,1,40000
1,1,2,3355,6,2,1,7,43500,99,8,10206,6,60,5521,2,22,1,13,5521,2,1,52,1,13000
1,1,2,3356,30,2,2,7,59714,6,2,10272,0,0,8806,1,10,1,1775,8806,1,1,52,1,22000
1,1,2,3356,32,2,2,7,59714,6,2,10272,0,0,6590,3,30,1,911,6590,3,6,37,1,9999999
1,1,2,3356,33,1,2,7,59714,6,2,10272,0,0,6590,51,30,1,1471,6590,51,7,10,1,3000
1,1,2,3359,30,2,2,7,21900,16,12,10420,0,0,8877,1,10,1,2219,8877,1,1,52,1,16200
1,1,2,3359,31,2,2,7,21900,16,12,10420,0,0,2243,2,30,1,1569,2243,2,1,11,1,3500
1,1,2,3360,3,2,1,7,31938.9,12,0,10250,3,30,679,2,22,1,569,679,2,1,52,1,29000
1,1,2,3363,30,2,2,7,22550,16,16,10197,0,0,5134,3,30,1,1075,5134,3,7,0,5,0
1,1,2,3367,30,2,2,7,16364.8,7,10,10242,0,0,5302,3,30,1,475,5302,3,1,52,1,26520
1,1,2,3367,31,1,2,7,16364.8,7,10,10242,0,0,7430,1,10,1,1628,7430,1,7,52,1,12000
1,1,2,3367,32,2,2,7,16364.8,7,10,10242,0,0,5302,4,30,1,1486,5302,4,6,11,1,9800
1,1,2,3367,33,2,2,7,16364.8,7,10,10242,0,0,5302,5,30,1,857,5302,5,7,0,5,0
1,1,2,3368,8,2,1,7,16640.92,0,3,10269,8,60,2953,1,10,1,289,2953,1,1,3,1,675
1,1,2,3368,30,2,2,7,16640.92,0,3,10269,0,0,5536,2,30,1,2084,5536,2,1,0,5,0
1,1,2,3369,6,2,1,7,29709.6,6,6,10243,6,30,6101,2,40,1,886,6101,2,1,52,5,27300
1,1,2,3369,7,1,1,7,29709.6,6,6,10243,7,30,4957,4,30,1,1571,4957,4,1,52,1,5000
1,1,2,3373,4,1,1,7,19970,2,6,10195,4,30,6332,4,30,1,788,6332,4,1,52,5,40000
1,1,2,3377,31,1,2,7,21000,3,4,10407,0,0,8434,1,10,1,1684,8434,1,1,24,1,20000
1,1,2,3377,32,2,2,7,21000,3,4,10407,0,0,8510,3,30,1,2205,8510,3,3,52,1,3000
1,1,2,3378,4,1,1,7,21000,6,5,10409,4,30,765,51,30,1,1321,765,51,1,52,1,50000
1,1,2,3378,30,2,2,7,21000,6,5,10409,0,0,765,3,30,1,341,765,3,1,20,1,1395
1,1,2,3379,7,2,1,7,23000,11,9,10410,7,30,7893,1,10,1,2126,7893,1,1,52,1,9999999
1,1,2,3379,31,2,2,7,23000,11,9,10410,0,0,5438,3,30,1,424,5438,3,7,52,1,33036
1,1,2,3381,30,2,2,7,24600,6,0,10198,0,0,5300,2,22,1,342,5300,2,6,10,1,9999999
1,1,2,3381,31,1,2,7,24600,6,0,10198,0,0,4949,3,30,1,1322,4949,3,1,18,1,10000
1,1,2,3381,32,2,2,7,24600,6,0,10198,0,0,7153,2,22,1,1593,7153,2,3,0,5,0
1,1,2,3381,33,2,2,7,24600,6,0,10198,0,0,5847,2,30,1,137,5847,2,3,0,5,0
1,1,2,3381,34,1,2,7,24600,6,0,10198,0,0,6026,2,30,1,742,6026,2,1,0,5,0
1,1,2,3386,4,2,1,7,26000,12,12,10368,4,30,7794,3,30,1,1770,7794,3,1,52,1,36400
1,1,2,3394,30,1,2,7,26000,6,11,10305,0,0,1910,2,30,1,1647,1910,2,7,0,5,0
1,1,2,3394,31,1,2,7,26000,6,11,10305,0,0,1910,51,30,1,1785,1910,51,7,0,5,0
1,1,2,3397,7,1,1,7,41580,14,14,10349,7,71,966,3,33,1,138,966,3,1,52,5,9720
1,1,2,3399,182,2,3,7,40000,12,12,10406,0,0,4153,5,30,1,139,4153,5,7,0,5,0
1,1,2,3402,30,1,2,7,15000,6,6,10393,0,0,5163,6,33,1,2175,5163,6,1,0,5,0
1,1,2,3402,31,2,2,7,15000,6,6,10393,0,0,5163,3,33,1,140,5163,3,1,10,5,0
1,1,2,3402,171,2,3,7,15000,6,6,10393,0,0,7891,3,30,1,1786,7891,3,7,0,5,0
1,1,2,3404,4,2,1,7,37300,9,9,10347,4,30,7486,2,20,1,1161,7486,2,1,52,1,24000
1,1,2,3404,30,2,2,7,37300,9,9,10347,0,0,6747,2,30,1,1067,6747,2,6,0,5,0
1,1,2,3407,3,1,1,7,4360,11,0,10419,3,30,9179,2,30,1,1840,9179,2,6,52,1,38480
1,1,2,3407,4,2,1,7,4360,11,0,10419,4,30,9179,4,30,1,1892,9179,4,2,52,1,9999999
1,1,2,3407,30,1,2,7,4360,11,0,10419,0,0,9179,3,30,1,1819,9179,3,3,10,1,200
1,1,2,3407,31,2,2,7,4360,11,0,10419,0,0,5509,4,30,1,962,5509,4,7,26,1,2700
1,1,2,3414,30,1,2,7,104000,14,16,10234,0,0,870,3,30,1,570,870,3,7,0,5,0
1,1,2,3414,31,1,2,7,104000,14,16,10234,0,0,658,1,10,1,385,658,1,7,52,1,17000
1,1,2,3417,3,1,1,7,37040,16,16,10200,3,30,1928,1,10,1,1226,1928,1,1,52,1,75000
1,1,2,3422,4,1,1,7,55000,99,12,10245,4,30,262,1,10,1,1841,262,1,7,52,1,40000
1,1,2,3424,30,2,2,7,500,16,0,10244,0,0,907,2,30,1,403,907,2,7,23,1,3105
1,1,2,3432,30,2,2,7,22000,12,9,10233,0,0,3553,2,20,1,2194,3553,2,1,0,5,0
1,1,2,3434,6,1,1,7,10001,0,0,10210,6,30,7078,1,10,1,1456,7078,1,1,52,1,87000
1,1,2,3434,7,1,1,7,10001,0,0,10210,7,30,6690,1,10,1,1867,6690,1,1,52,1,28000
1,1,2,3434,8,1,1,7,10001,0,0,10210,8,30,6690,2,40,1,858,6690,2,1,52,5,35000
1,1,2,3434,173,2,4,7,10001,0,0,10210,0,0,7978,2,20,1,2191,7978,2,6,0,5,0
1,1,2,3435,30,1,2,7,28369.12,4,3,10211,0,0,1751,3,30,1,808,1751,3,1,0,5,0
1,1,2,3437,7,2,1,7,27019.9,9,6,10362,7,30,6442,4,30,1,2133,6442,4,1,52,1,35000
1,1,2,3439,30,1,2,7,22100,0,0,10432,0,0,848,2,30,1,2344,848,2,99,0,9,0
1,1,2,3439,31,1,2,7,22100,0,0,10432,0,0,848,3,30,1,1599,848,3,7,6,5,4896
1,1,2,3441,30,2,2,7,17882.95,9,9,10202,0,0,8249,2,20,1,1926,8249,2,1,52,1,8000
1,1,2,3462,3,2,1,,,,,0,0,0,6646,3,30,1,758,6646,3,1,52,1,27040
1,1,2,3462,4,1,1,,,,,0,0,0,6646,51,30,1,1463,6646,51,1,52,5,35000
1,1,2,3462,30,2,2,,,,,0,0,0,7733,2,22,1,1715,7733,2,6,11,1,1100
1,1,2,3468,3,1,1,,,,,0,0,0,1149,3,30,1,141,1149,3,3,17,1,9999999
1,1,2,3468,4,2,1,,,,,0,0,0,1149,4,30,1,1098,1149,4,1,52,5,15000
1,1,2,3469,3,2,1,,,,,0,0,0,9180,1,10,1,2142,9180,1,1,52,1,9999999
1,1,2,3469,4,2,1,,,,,0,0,0,9180,3,40,1,1990,9180,3,1,0,5,0
1,1,2,3473,30,2,2,,,,,0,0,0,6818,3,30,1,953,6818,3,1,13,1,4200
1,1,2,3477,3,2,1,,,,,0,0,0,986,3,30,1,142,986,3,7,52,1,27000
1,1,2,3483,6,2,1,,,,,0,0,0,8138,2,20,1,2095,8138,2,1,52,1,45000
1,1,2,3487,4,2,1,,,,,0,0,0,952,2,22,1,941,952,2,1,52,1,65000
1,1,2,3489,30,2,2,,,,,0,0,0,5190,3,60,1,1951,5190,3,1,52,5,5200
1,1,2,3491,5,1,1,,,,,0,0,0,810,4,30,1,942,810,4,1,52,1,43000
1,1,2,3493,4,1,1,,,,,0,0,0,8779,1,10,1,1820,8779,1,1,52,1,52000
1,1,2,3502,30,1,2,,,,,0,0,0,7456,2,30,1,2233,7456,2,1,51,5,25000
1,1,2,3502,31,2,2,,,,,0,0,0,7456,3,30,1,1377,7456,3,7,0,5,0
1,1,2,3502,32,2,2,,,,,0,0,0,7456,4,30,1,2227,7456,4,7,0,5,0
1,1,2,3507,6,1,1,,,,,0,0,0,5716,1,10,1,1572,5716,1,1,52,1,30000
1,1,2,3508,4,2,1,,,,,0,0,0,1488,2,20,1,514,1488,2,1,52,1,35000
1,1,2,3509,2,1,1,,,,,0,0,0,5873,3,30,1,571,5873,3,2,39,1,5000
1,1,2,3509,30,1,2,,,,,0,0,0,5873,4,30,1,2260,5873,4,6,18,1,10200
1,1,2,3509,31,2,2,,,,,0,0,0,5873,2,30,1,759,5873,2,3,0,5,0
1,1,2,4019,3,2,1,,,,,0,0,0,344,3,30,1,619,344,3,7,25,1,2363
1,1,2,4021,2,2,1,,,,,0,0,0,8534,1,10,1,1937,8534,1,6,0,5,0
1,1,2,4027,3,2,1,,,,,0,0,0,1931,3,30,1,1359,1931,3,7,45,5,13500
1,1,2,4034,9,1,1,,,,,0,0,0,2237,3,30,1,2356,2237,3,7,52,1,9999999
1,1,2,4055,1,1,1,,,,,0,0,0,7829,1,10,1,1978,7829,1,1,52,1,9000
1,1,2,4060,3,2,1,,,,,0,0,0,403,51,30,1,476,403,51,7,52,1,17000
1,1,2,4072,3,2,1,,,,,0,0,0,8847,1,10,1,1849,8847,1,1,52,1,42000
1,1,2,4075,1,1,1,,,,,0,0,0,912,1,10,1,2240,912,1,2,52,1,74000
1,1,2,4077,2,1,1,,,,,0,0,0,928,2,30,1,971,928,2,7,0,5,0
1,1,2,4084,3,1,1,,,,,0,0,0,4045,2,30,1,1382,4045,2,7,52,5,12000
1,1,2,4086,3,1,1,,,,,0,0,0,8213,3,30,1,1906,8213,3,7,0,5,0
1,1,2,4087,4,1,1,,,,,0,0,0,256,3,30,1,477,256,3,1,52,1,48000
1,1,2,4089,3,1,1,,,,,0,0,0,8925,3,30,1,2080,8925,3,7,13,1,1200
1,1,2,4089,4,1,1,,,,,0,0,0,8925,4,30,1,2158,8925,4,7,52,1,6000
1,1,2,4089,5,2,1,,,,,0,0,0,8925,5,30,1,2061,8925,5,7,22,5,14960
1,1,2,4095,2,1,1,,,,,0,0,0,7619,1,10,1,1254,7619,1,1,3,1,9999999
1,1,2,4125,3,1,1,,,,,0,0,0,8476,3,33,1,2033,8476,3,3,0,9,0
1,1,2,4125,5,1,1,,,,,0,0,0,8476,4,33,1,2345,8476,4,99,0,9,0
1,1,2,4126,1,1,1,,,,,0,0,0,8155,1,10,1,2303,8155,1,1,52,1,40000
1,1,2,4127,5,1,1,,,,,0,0,0,8689,4,40,1,1972,8689,4,1,0,5,0
1,1,2,4134,9,2,1,,,,,0,0,0,5376,3,30,1,343,5376,3,7,0,5,0
1,1,2,4137,3,1,1,,,,,0,0,0,894,3,30,1,1012,894,3,7,52,1,8000
1,1,2,4137,4,2,1,,,,,0,0,0,894,4,30,1,515,894,4,7,52,1,29640
1,1,2,4137,5,1,1,,,,,0,0,0,894,5,30,1,1607,894,5,1,26,1,3000
1,1,2,4149,3,1,1,,,,,0,0,0,9039,1,10,1,2009,9039,1,1,52,1,30000
1,1,2,4158,1,2,1,,,,,0,0,0,1793,1,10,1,1966,1793,1,1,52,1,6796
1,1,2,4162,3,1,1,,,,,0,0,0,7659,3,33,1,2250,7659,3,7,52,1,20000
1,1,2,4169,1,2,1,,,,,0,0,0,1883,1,10,1,1911,1883,1,7,52,1,400
1,1,2,4172,3,1,1,,,,,0,0,0,4354,3,33,1,1013,4354,3,1,52,1,32000
1,1,2,4172,7,2,1,,,,,0,0,0,4904,3,30,1,674,4904,3,1,14,1,2800
1,1,2,4172,21,1,1,,,,,0,0,0,7912,1,10,1,2028,7912,1,1,0,5,0
1,1,2,4173,3,1,1,,,,,0,0,0,6455,3,30,1,1938,6455,3,3,0,5,0
1,1,2,4175,3,2,1,,,,,0,0,0,1682,3,30,1,772,1682,3,7,52,1,18200
1,1,2,4176,1,1,1,,,,,0,0,0,8453,1,10,1,1902,8453,1,1,52,1,50000
1,1,2,4179,4,2,1,,,,,0,0,0,9043,4,30,1,2282,9043,4,7,40,1,12000
1,1,2,4190,3,2,1,,,,,0,0,0,6905,2,20,1,1542,6905,2,1,0,5,0
1,1,2,4196,3,2,1,,,,,0,0,0,1827,3,30,1,1716,1827,3,7,26,1,15000
1,1,2,4214,2,2,1,,,,,0,0,0,607,2,22,1,2003,607,2,6,0,5,0
1,1,2,4222,3,1,1,,,,,0,0,0,418,3,30,1,425,418,3,3,0,5,0
1,1,2,4233,3,1,1,,,,,0,0,0,1309,4,30,1,1798,1309,4,1,52,1,60000
1,1,2,4233,4,1,1,,,,,0,0,0,1309,3,30,1,1125,1309,3,1,20,1,2000
1,1,2,4237,1,2,1,,,,,0,0,0,185,2,20,1,386,185,2,1,16,1,2500
1,1,2,4249,2,2,1,,,,,0,0,0,8723,1,10,1,1883,8723,1,3,16,1,7000
1,1,2,4249,3,2,1,,,,,0,0,0,8224,2,30,1,1799,8224,2,1,7,1,1000
1,1,2,4255,3,2,1,,,,,0,0,0,8373,3,33,1,1830,8373,3,7,32,1,12000
1,1,2,4256,3,2,1,,,,,0,0,0,1691,51,30,1,1014,1691,51,1,40,1,26880
1,1,2,4259,4,2,1,,,,,0,0,0,8245,2,40,1,2255,8245,2,3,36,1,3150
1,1,2,4261,3,1,1,,,,,0,0,0,4194,2,30,1,655,4194,2,3,23,1,300
1,1,2,4266,4,2,1,,,,,0,0,0,6694,1,10,1,760,6694,1,1,42,1,20000
1,1,2,4270,3,2,1,,,,,0,0,0,8338,3,35,1,2220,8338,3,1,0,5,0
1,1,2,4274,3,2,1,,,,,0,0,0,8720,2,30,1,1805,8720,2,7,0,5,0
1,1,2,4277,2,1,1,,,,,0,0,0,466,1,10,1,943,466,1,1,33,1,20000
1,1,2,4277,3,1,1,,,,,0,0,0,408,2,30,1,1521,408,2,6,49,5,5000
1,1,2,4280,2,2,1,,,,,0,0,0,695,2,20,1,1842,695,2,3,52,1,80000
1,1,2,4282,3,1,1,,,,,0,0,0,1898,3,30,1,1522,1898,3,1,52,1,21226
1,1,2,4282,4,2,1,,,,,0,0,0,1898,4,30,1,1348,1898,4,7,0,5,0
1,1,2,4289,3,2,1,,,,,0,0,0,8337,3,30,1,2304,8337,3,3,0,5,0
1,1,2,4291,5,1,1,,,,,0,0,0,860,5,33,1,761,860,5,1,41,1,15000
1,1,2,4292,5,2,1,,,,,0,0,0,1664,4,30,1,912,1664,4,1,52,1,13
1,1,2,4296,3,1,1,,,,,0,0,0,1687,3,30,1,2185,1687,3,1,52,1,19872
1,1,2,4303,3,2,1,,,,,0,0,0,8664,2,20,1,2023,8664,2,6,52,1,3000
1,1,2,4303,4,1,1,,,,,0,0,0,8422,1,10,1,1939,8422,1,1,52,1,30000
1,1,2,4304,2,1,1,,,,,0,0,0,1048,2,30,1,2237,1048,2,1,0,5,0
1,1,2,4308,2,1,1,,,,,0,0,0,6161,2,30,1,716,6161,2,1,52,1,17000
1,1,2,4308,3,2,1,,,,,0,0,0,6161,3,30,1,802,6161,3,7,0,5,0
1,1,2,4309,4,2,1,,,,,0,0,0,465,4,30,1,2346,465,4,1,0,9,0
1,1,2,4310,3,1,1,,,,,0,0,0,596,3,33,1,516,596,3,1,0,5,0
1,1,2,4321,9,2,1,,,,,0,0,0,5501,51,30,1,656,5501,51,7,52,1,15000
1,1,2,4322,3,1,1,,,,,0,0,0,8432,3,30,1,1843,8432,3,6,41,1,10000
1,1,2,4322,4,1,1,,,,,0,0,0,8432,4,30,1,2261,8432,4,3,0,5,0
1,1,2,4323,4,1,1,,,,,0,0,0,6787,3,30,1,1126,6787,3,1,52,1,22000
1,1,2,4323,5,2,1,,,,,0,0,0,6787,4,30,1,1447,6787,4,7,52,5,14556
1,1,2,4328,4,2,1,,,,,0,0,0,8278,4,30,1,1813,8278,4,7,29,5,5000
1,1,2,4336,3,2,1,,,,,0,0,0,454,3,30,1,1043,454,3,7,31,1,15000
1,1,2,4337,5,2,1,,,,,0,0,0,9123,3,30,1,2180,9123,3,6,42,1,28000
1,1,2,4337,6,1,1,,,,,0,0,0,9123,4,30,1,2159,9123,4,1,28,1,22400
1,1,2,4344,5,2,1,,,,,0,0,0,7780,3,40,1,1844,7780,3,1,20,1,2400
1,1,2,4344,6,1,1,,,,,0,0,0,7381,4,30,1,2052,7381,4,1,13,1,5000
1,1,2,4344,7,2,1,,,,,0,0,0,7780,1,10,1,1930,7780,1,3,52,1,24570
1,1,2,4354,2,2,1,,,,,0,0,0,7815,4,48,1,2181,7815,4,1,52,5,0
1,1,2,4354,3,2,1,,,,,0,0,0,7815,2,22,1,1787,7815,2,3,0,5,0
1,1,2,4354,4,2,1,,,,,0,0,0,7665,2,30,1,1952,7665,2,7,14,1,2500
1,1,2,4359,3,1,1,,,,,0,0,0,7777,1,10,1,2221,7777,1,1,52,1,86000
1,1,2,4359,4,1,1,,,,,0,0,0,8533,3,30,1,1945,8533,3,1,52,1,74000
1,1,2,4359,5,2,1,,,,,0,0,0,7777,2,20,1,2222,7777,2,1,39,1,34000
1,1,2,4360,5,1,1,,,,,0,0,0,8820,5,30,1,2347,8820,5,6,0,5,0
1,1,2,4367,6,2,1,,,,,0,0,0,6711,3,33,1,1657,6711,3,99,0,9,0
1,1,2,4368,7,2,1,,,,,0,0,0,6720,7,30,1,2305,6720,7,6,10,1,300
1,1,2,4382,3,2,1,,,,,0,0,0,8628,1,10,1,2188,8628,1,6,16,1,25000
1,1,2,4382,4,1,1,,,,,0,0,0,8971,1,10,1,2189,8971,1,6,52,1,26000
1,1,2,4382,6,2,1,,,,,0,0,0,7948,3,30,1,2190,7948,3,5,10,1,4808
1,1,2,4383,3,2,1,,,,,0,0,0,7633,2,22,1,1127,7633,2,1,52,1,50000
1,1,2,4383,4,2,1,,,,,0,0,0,6347,3,30,1,1271,6347,3,7,19,1,4000
1,1,2,4395,3,2,1,,,,,0,0,0,8624,2,20,1,1831,8624,2,6,46,1,15000
1,1,2,4398,3,1,1,,,,,0,0,0,754,3,30,1,809,754,3,3,3,1,800
1,1,2,4398,4,1,1,,,,,0,0,0,754,4,30,1,404,754,4,1,52,1,32000
1,1,2,4410,4,2,1,,,,,0,0,0,8382,4,30,1,1717,8382,4,6,15,1,4000
1,1,2,4411,3,2,1,,,,,0,0,0,1036,3,30,1,2224,1036,3,3,0,5,0
1,1,2,4418,9,2,1,,,,,0,0,0,4338,2,20,1,243,4338,2,3,14,1,9999999
1,1,2,4418,13,1,1,,,,,0,0,0,8568,1,10,1,1940,8568,1,1,7,1,9999999
1,1,2,4418,16,2,1,,,,,0,0,0,8870,2,22,1,2004,8870,2,3,6,1,9999999
1,1,2,4423,3,2,1,,,,,0,0,0,8282,1,10,1,2046,8282,1,1,52,1,27000
1,1,2,4426,4,1,1,,,,,0,0,0,6997,3,30,1,2348,6997,3,99,0,9,0
1,1,2,4427,3,2,1,,,,,0,0,0,8821,2,20,1,1685,8821,2,1,52,1,40000
1,1,2,4427,5,2,1,,,,,0,0,0,9067,2,20,1,1686,9067,2,1,52,1,32000
1,1,2,4429,5,2,1,,,,,0,0,0,6467,2,20,1,2306,6467,2,6,52,1,15600
1,1,2,4432,3,1,1,,,,,0,0,0,8932,3,30,1,1821,8932,3,3,52,1,6000
1,1,2,4442,4,2,1,,,,,0,0,0,1618,3,98,1,2349,1618,3,1,52,5,0
1,1,2,4443,7,1,1,,,,,0,0,0,6612,1,10,1,2350,6612,1,99,52,1,21000
1,1,2,4444,3,2,1,,,,,0,0,0,1119,3,30,1,2053,1119,3,3,18,1,5741
1,1,2,4448,5,1,1,,,,,0,0,0,8970,4,30,1,1771,8970,4,6,0,5,0
1,1,2,4454,2,2,1,,,,,0,0,0,7334,2,30,1,1313,7334,2,3,20,1,5200
1,1,2,4456,5,1,1,,,,,0,0,0,6991,3,30,1,1663,6991,3,3,4,1,500
1,1,2,4769,1,1,1,,,,,0,0,0,926,1,10,1,827,926,1,1,39,1,13605
1,1,2,4776,3,2,1,,,,,0,0,0,1782,3,30,1,1383,1782,3,7,52,1,13260
1,1,2,4776,4,2,1,,,,,0,0,0,1782,4,30,1,913,1782,4,7,11,1,800
1,1,2,4828,4,2,1,,,,,0,0,0,219,4,30,1,985,219,4,1,52,1,9500
1,1,2,4838,3,2,1,,,,,0,0,0,160,51,30,1,387,160,51,1,0,5,0
1,1,2,4839,3,1,1,,,,,0,0,0,1032,3,30,1,1962,1032,3,6,10,1,5000
1,1,2,4839,4,2,1,,,,,0,0,0,1032,4,30,1,1586,1032,4,7,52,1,4000
1,1,2,5010,32,2,2,7,10949,8,0,2806,0,0,5504,2,30,1,143,5504,2,3,0,5,0
1,1,2,5010,35,2,2,7,30610,14,0,5953,5,30,4360,1,10,1,14,4360,1,3,52,1,20000
1,1,2,5010,175,1,3,7,30610,14,0,5953,0,0,9151,1,10,1,1687,9151,1,3,52,1,21000
1,1,2,5012,46,2,2,7,24000,12,0,3971,0,0,6664,1,10,1,1652,6664,1,1,52,1,28080
1,1,2,5012,196,1,3,7,9696,5,0,3765,0,0,7996,2,98,1,1761,7996,2,1,35,1,11375
1,1,2,5013,32,2,2,7,26736,99,0,5805,4,60,7724,1,10,1,2160,7724,1,3,52,1,26468
1,1,2,5014,40,2,2,7,14762,12,0,274,5,60,5878,1,10,1,290,5878,1,1,52,1,20000
1,1,2,5014,41,1,2,7,14762,12,0,274,0,0,7410,1,10,1,1255,7410,1,1,0,5,0
1,1,2,5014,42,1,2,7,14000,13,0,6066,0,0,8698,2,60,1,1918,8698,2,1,0,5,0
1,1,2,5014,178,2,3,7,14762,12,0,274,0,0,2239,2,30,1,705,2239,2,3,27,1,3000
1,1,2,5015,38,1,2,,,,,0,0,0,8202,1,10,1,1997,8202,1,1,0,5,0
1,1,2,5015,39,1,2,,,,,0,0,0,5564,2,30,1,388,5564,2,2,44,1,25000
1,1,2,5015,40,1,2,7,12294,12,0,3219,0,0,4308,2,30,1,691,4308,2,1,39,1,15210
1,1,2,5015,41,2,2,7,29770,12,99,5308,0,0,8386,1,10,1,1919,8386,1,1,52,1,25000
1,1,2,5015,42,2,2,,,,,0,0,0,7584,1,10,1,1390,7584,1,3,10,1,2500
1,1,2,5015,44,2,2,,,,,0,0,0,8683,1,10,1,1998,8683,1,3,0,5,0
1,1,2,5015,45,2,2,,,,,0,0,0,5564,3,30,1,1128,5564,3,1,36,1,700
1,1,2,5017,182,1,3,7,59000,14,13,1595,0,0,6361,2,30,1,1884,6361,2,1,52,1,18000
1,1,2,5018,34,2,2,7,189000,11,14,5465,3,30,5845,1,10,1,572,5845,1,1,52,1,28800
1,1,2,5018,35,1,2,7,189000,11,14,5465,0,0,8053,2,30,1,2351,8053,2,99,0,9,0
1,1,2,5018,36,1,2,7,65000,17,13,5464,0,0,5771,2,30,1,426,5771,2,1,52,1,9999999
1,1,2,5018,37,2,2,7,65000,17,13,5464,0,0,5771,3,30,1,657,5771,3,6,40,1,24000
1,1,2,5018,39,2,2,7,65000,17,13,5464,0,0,8596,1,10,1,1800,8596,1,3,2,1,400
1,1,2,5031,47,2,2,7,0,10,0,5560,3,30,2639,2,70,1,2290,2639,2,6,0,5,0
1,1,2,5031,49,1,2,7,25000,10,0,2511,6,30,2651,3,30,1,573,2651,3,1,40,1,22800
1,1,2,5031,50,2,2,7,13020,11,0,5338,5,60,8158,2,22,1,2062,8158,2,1,52,1,21000
1,1,2,5031,51,1,2,7,5400,9,0,6296,7,30,7862,2,30,1,1893,7862,2,3,0,5,0
1,1,2,5031,53,1,2,7,13000,11,0,5340,0,0,6678,2,70,1,1877,6678,2,1,40,5,20000
1,1,2,5031,54,1,2,7,13020,11,0,5338,0,0,6884,2,30,1,1600,6884,2,3,17,1,1120
1,1,2,5031,56,2,2,7,13020,11,0,5338,0,0,6884,3,30,1,1482,6884,3,1,30,1,9999999
1,1,2,5031,58,1,2,7,5400,9,0,6296,0,0,8928,3,30,1,1688,8928,3,7,0,5,0
1,1,2,5031,176,2,3,7,13020,11,0,5338,0,0,2840,3,70,1,478,2840,3,3,0,5,0
1,1,2,5035,32,2,2,7,44000,10,14,1923,0,0,6551,2,22,1,859,6551,2,1,49,1,9000
1,1,2,5036,31,1,2,7,45000,11,99,4705,3,30,7785,1,10,1,1874,7785,1,3,0,5,0
1,1,2,5037,35,1,2,7,20780,13,12,4755,0,0,2320,2,30,1,1483,2320,2,1,52,1,8640
1,1,2,5037,192,1,3,,,,,0,0,0,8045,2,30,1,1973,8045,2,3,0,5,0
1,1,2,5040,33,2,2,7,4092,99,0,5218,2,30,4303,1,10,1,144,4303,1,2,52,1,3000
1,1,2,5040,34,2,2,7,4092,99,0,5218,4,30,2292,2,30,1,2271,2292,2,1,52,1,26000
1,1,2,5048,45,2,2,7,5550,11,0,5867,4,30,4289,1,10,1,589,4289,1,1,52,1,9999999
1,1,2,5048,46,1,2,7,37000,99,15,2481,4,60,5429,51,33,1,427,5429,51,6,18,5,3000
1,1,2,5048,48,1,2,7,5550,11,0,5867,5,30,7730,1,10,1,2041,7730,1,1,52,1,9999999
1,1,2,5048,49,2,2,7,37066,14,0,5392,0,0,8850,2,88,1,2085,8850,2,7,52,1,9999999
1,1,2,5048,50,2,2,7,5550,11,0,5867,0,0,4636,2,30,1,145,4636,2,7,52,1,2220
1,1,2,5048,51,2,2,7,5550,11,0,5867,0,0,4636,3,30,1,244,4636,3,7,40,1,9999999
1,1,2,5048,52,1,2,7,37066,14,0,5392,0,0,2347,2,30,1,1896,2347,2,3,0,5,0
1,1,2,5048,183,2,3,7,5550,11,0,5867,0,0,6872,2,22,1,1415,6872,2,1,10,1,13000
1,1,2,5048,184,2,3,7,5550,11,0,5867,0,0,8360,1,10,1,2100,8360,1,2,52,1,25760
1,1,2,5052,52,2,2,7,12000,11,11,860,4,30,7936,3,30,1,2006,7936,3,6,0,5,0
1,1,2,5052,54,2,2,7,27200,8,11,136,0,0,7802,2,30,1,2123,7802,2,1,10,1,4000
1,1,2,5052,55,1,2,7,34302,12,12,3044,0,0,3518,3,30,1,42,3518,3,7,52,1,10000
1,1,2,5052,56,2,2,7,27200,8,11,136,0,0,6778,2,30,1,2357,6778,2,99,0,9,0
1,1,2,5052,57,1,2,7,27200,8,11,136,0,0,6778,3,30,1,1094,6778,3,3,0,5,0
1,1,2,5052,58,1,2,7,12000,11,11,860,0,0,7936,2,30,1,2192,7936,2,1,0,5,0
1,1,2,5052,196,2,3,7,27200,8,11,136,0,0,2457,3,30,1,1095,2457,3,99,0,5,0
1,1,2,5055,43,2,2,7,16430.56,10,11,2450,7,30,7275,1,10,1,2228,7275,1,1,0,5,0
1,1,2,5055,46,2,2,7,36354,12,13,2770,7,60,7230,1,10,1,1597,7230,1,1,52,1,25000
1,1,2,5055,47,1,2,7,36354,12,13,2770,8,60,6165,1,10,1,1857,6165,1,1,52,1,83200
1,1,2,5055,49,1,2,7,36354,12,13,2770,0,0,3462,1,10,1,344,3462,1,1,52,1,50600
1,1,2,5055,52,1,2,7,36354,12,13,2770,0,0,4325,2,30,1,291,4325,2,3,52,1,6000
1,1,2,5055,198,2,3,7,6271.5,11,0,3774,0,0,4198,3,60,1,1130,4198,3,2,0,5,0
1,1,2,5055,199,2,3,7,6271.5,11,0,3774,0,0,4198,4,60,1,1436,4198,4,3,0,5,0
1,1,2,5057,47,2,2,7,66500,11,13,2480,5,30,7108,1,10,1,1162,7108,1,1,52,1,9999999
1,1,2,5061,34,2,2,7,50838,17,12,2635,4,30,461,1,10,1,590,461,1,1,52,1,80000
1,1,2,5061,35,1,2,7,27400,10,0,2316,2,30,469,2,30,1,1594,469,2,1,30,1,4860
1,1,2,5065,42,1,2,7,7908,10,0,4679,4,30,2556,3,30,1,146,2556,3,1,52,1,23040
1,1,2,5065,43,2,2,7,4452,11,0,5179,2,30,2858,2,30,1,15,2858,2,7,0,5,0
1,1,2,5065,44,1,2,7,11100,10,0,4678,5,30,7810,1,10,1,2161,7810,1,1,52,1,24000
1,1,2,5065,45,2,2,7,7908,10,0,4679,5,30,7228,1,10,1,1184,7228,1,1,52,1,6008
1,1,2,5065,48,1,2,7,21600,12,0,6039,0,0,7264,3,30,1,1604,7264,3,3,50,5,300
1,1,2,5065,56,2,2,7,11243.4,12,0,4636,3,95,3432,2,20,1,479,3432,2,2,52,1,11000
1,1,2,5066,41,1,2,7,58000,12,12,3912,3,30,1959,2,30,1,1491,1959,2,99,0,9,0
1,1,2,5066,186,1,3,,,,,0,0,0,6400,51,30,1,1068,6400,51,3,0,5,0
1,1,2,5069,38,2,2,7,11823,11,0,795,5,60,5649,2,22,1,860,5649,2,1,52,1,60000
1,1,2,5069,40,2,2,7,11823,11,0,795,0,0,6436,3,33,1,1492,6436,3,7,40,1,1200
1,1,2,5071,37,1,2,7,43544,13,0,3269,0,0,4323,2,30,1,147,4323,2,1,0,5,0
1,1,2,5071,38,1,2,7,43544,13,0,3269,0,0,4323,3,30,1,539,4323,3,7,0,5,0
1,1,2,5085,31,1,2,7,142400,16,0,3690,0,0,7471,1,10,1,1580,7471,1,1,52,1,20000
1,1,2,5085,32,1,2,7,142400,16,0,3690,0,0,3043,3,30,1,692,3043,3,1,40,1,12000
1,1,2,5120,33,2,2,7,16000,11,0,1600,3,60,6071,2,30,1,148,6071,2,1,39,1,2500
1,1,2,5120,34,1,2,7,11494,14,0,5972,0,0,2552,2,30,1,480,2552,2,1,52,1,13000
1,1,2,5120,35,1,2,7,35500,13,0,2158,0,0,2673,1,10,1,1044,2673,1,1,52,1,48000
1,1,2,5120,36,1,2,7,16000,11,0,1600,0,0,6071,3,30,1,658,6071,3,1,52,1,9999999
1,1,2,5126,36,2,2,7,15748,10,0,3027,0,0,7236,2,30,1,1360,7236,2,1,35,1,9999999
1,1,2,5133,35,2,2,7,7737,11,0,5760,4,30,687,2,22,1,1464,687,2,1,0,5,0
1,1,2,5136,41,1,2,7,18000,12,0,934,3,30,4544,1,10,1,481,4544,1,1,52,1,9000
1,1,2,5136,42,2,2,7,53317,15,0,4815,4,60,4917,1,10,1,601,4917,1,1,52,1,20800
1,1,2,5136,44,2,2,7,18339.5,12,0,4034,0,0,7669,1,10,1,1234,7669,1,1,0,5,0
1,1,2,5136,45,1,2,7,74976,14,99,5745,0,0,7162,2,30,1,1408,7162,2,1,52,1,33300
1,1,2,5136,46,2,2,7,53317,15,0,4815,0,0,7088,1,10,1,2229,7088,1,1,30,1,9999999
1,1,2,5136,47,2,2,7,18000,12,0,934,0,0,6852,2,30,1,1384,6852,2,1,52,1,200
1,1,2,5154,43,2,2,7,2962,10,0,162,2,30,4934,2,20,1,149,4934,2,1,7,1,9999999
1,1,2,5154,45,1,2,7,2256,11,0,163,3,30,2158,51,40,1,2318,2158,51,99,0,9,0
1,1,2,5154,48,1,2,7,2256,11,0,163,0,0,2158,2,30,1,828,2158,2,3,0,5,0
1,1,2,5154,50,2,2,7,2256,11,0,163,0,0,2158,3,30,1,482,2158,3,3,26,1,1508
1,1,2,5154,51,1,2,7,2256,11,0,163,0,0,2158,4,30,1,574,2158,4,3,10,5,4000
1,1,2,5170,41,1,2,7,67200,16,12,4400,3,30,2113,2,30,1,53,2113,2,3,13,1,9360
1,1,2,5170,42,1,2,7,40000,12,0,5845,2,30,5563,2,30,1,1601,5563,2,1,52,1,12500
1,1,2,5170,43,1,2,7,37000,12,12,2261,4,60,6037,1,10,1,914,6037,1,1,52,1,35000
1,1,2,5170,45,1,2,7,67200,16,12,4400,0,0,2113,3,30,1,345,2113,3,3,25,1,6875
1,1,2,5177,34,2,2,7,6600,11,0,975,4,30,5959,1,10,1,1927,5959,1,3,52,1,33280
1,1,2,5177,35,2,2,7,3939,10,0,1817,3,30,7816,1,10,1,1941,7816,1,1,52,1,35000
1,1,2,5177,37,2,2,7,60350,13,14,2672,0,0,6735,2,30,1,915,6735,2,1,50,1,22000
1,1,2,5180,34,1,2,7,39200,14,12,1346,0,0,1128,3,30,1,1563,1128,3,3,0,5,0
1,1,2,5182,48,1,2,7,18000,14,13,1890,4,30,7232,1,10,1,1272,7232,1,2,52,1,26000
1,1,2,5182,50,1,2,7,13707.78,12,9,556,0,0,8223,1,10,1,1903,8223,1,1,26,1,20000
1,1,2,5182,51,1,2,7,18000,14,13,1890,0,0,8223,2,95,1,1953,8223,2,1,0,5,0
1,1,2,5182,52,1,2,7,19000,11,12,2167,0,0,7042,3,30,1,1391,7042,3,6,52,1,1200
1,1,2,5199,35,1,2,7,48500,12,14,1798,3,30,6094,1,10,1,773,6094,1,1,52,1,52000
1,1,2,5199,36,2,2,7,48500,12,14,1798,0,0,3302,51,30,1,1479,3302,51,1,26,1,28000
1,1,2,5209,32,2,2,7,66900,16,14,3477,5,30,746,1,10,1,916,746,1,6,52,1,3000
1,1,2,5215,35,2,2,7,10066,11,0,1159,0,0,6616,3,33,1,963,6616,3,7,23,1,2000
1,1,2,5215,174,2,3,7,10066,11,0,1159,7,70,7363,1,10,1,1536,7363,1,1,52,1,20000
1,1,2,5219,34,1,2,7,8200,14,0,2834,3,30,1400,51,30,1,346,1400,51,3,35,1,1479
1,1,2,5219,35,2,2,7,8200,14,0,2834,4,30,1512,1,10,1,150,1512,1,3,21,1,5398
1,1,2,5230,220,1,3,7,17568,11,12,5072,0,0,8490,1,10,1,1850,8490,1,3,20,1,40000
1,1,2,5241,31,2,2,7,22880,99,99,5155,0,0,4690,2,20,1,602,4690,2,3,0,5,0
1,1,2,5241,32,1,2,7,22880,99,99,5155,0,0,3783,2,30,1,1832,3783,2,1,52,1,28000
1,1,2,5264,31,2,2,7,30000,14,17,1567,4,30,1102,1,10,1,245,1102,1,1,52,1,42500
1,1,2,5264,32,2,2,7,30000,14,17,1567,5,30,1132,2,40,1,151,1132,2,1,52,5,59000
1,1,2,5274,33,2,2,7,49000,11,11,5148,6,65,5930,1,10,1,1045,5930,1,1,0,5,0
1,1,2,5274,34,2,2,7,6800,12,0,2198,0,0,8236,1,10,1,2063,8236,1,3,0,5,0
1,1,2,5274,35,1,2,7,6800,12,0,2198,0,0,2632,2,30,1,861,2632,2,3,2,1,9999999
1,1,2,5290,36,2,2,7,18167,12,0,5231,4,30,5687,3,35,1,2044,5687,3,1,52,1,16000
1,1,2,5290,38,1,2,7,67000,15,0,6294,0,0,6285,3,30,1,872,6285,3,2,40,1,12400
1,1,2,5290,39,1,2,7,67000,15,0,6294,0,0,6285,4,30,1,887,6285,4,7,0,5,0
1,1,2,5290,188,2,3,7,59701,14,12,5206,0,0,2635,4,30,1,2136,2635,4,1,52,1,54000
1,1,2,5290,195,1,3,7,11676,4,9,5140,0,0,6917,1,10,1,1549,6917,1,1,52,1,30000
1,1,2,5290,196,1,3,7,11676,4,9,5140,0,0,6917,2,40,1,1131,6917,2,1,52,5,50000
1,1,2,5292,204,1,3,7,15000,12,0,798,0,0,6524,3,30,1,2358,6524,3,1,52,5,1000
1,1,2,5299,53,1,2,7,1080,13,0,255,2,30,6232,1,10,1,591,6232,1,3,0,5,0
1,1,2,5299,54,2,2,7,67078,99,99,254,10,30,4083,4,30,1,2238,4083,4,1,52,1,60000
1,1,2,5299,55,2,2,7,3628,12,0,251,2,30,5314,1,10,1,810,5314,1,1,52,1,40000
1,1,2,5299,58,2,2,7,5200,11,0,5073,2,30,5415,1,10,1,635,5415,1,3,52,1,24497
1,1,2,5299,60,1,2,7,2400,15,0,1101,0,0,5782,3,30,1,483,5782,3,3,0,5,0
1,1,2,5299,61,2,2,7,12624,12,0,252,0,0,6929,2,22,1,1369,6929,2,1,52,1,10933
1,1,2,5299,63,2,2,7,43500,16,13,334,0,0,4895,2,30,1,1822,4895,2,1,3,1,800
1,1,2,5299,65,1,2,7,7840,11,0,253,0,0,6594,2,30,1,1629,6594,2,5,0,5,0
1,1,2,5299,66,2,2,7,2400,15,0,1101,0,0,8180,2,30,1,1689,8180,2,3,30,1,7466
1,1,2,5299,68,1,2,7,3628,12,0,251,0,0,5314,2,40,1,1894,5314,2,1,52,5,200
1,1,2,5299,182,2,3,7,12300,99,0,257,0,0,6363,2,20,1,811,6363,2,7,52,1,21000
1,1,2,5299,190,1,3,,,,,0,0,0,6908,1,10,1,1202,6908,1,1,52,1,9999999
1,1,2,5302,40,2,2,7,84000,16,16,4852,0,0,8784,3,30,1,1979,8784,3,7,0,9,0
1,1,2,5305,38,1,2,7,70864,11,12,4370,0,0,4317,2,30,1,829,4317,2,3,0,5,0
1,1,2,5306,34,1,2,7,1612,12,0,1092,0,0,5519,2,30,1,347,5519,2,1,52,5,23000
1,1,2,5314,37,1,2,7,11200,13,0,705,2,30,1494,2,30,1,152,1494,2,6,0,5,0
1,1,2,5314,38,1,2,7,11200,13,0,705,3,30,1494,3,30,1,246,1494,3,1,42,1,20286
1,1,2,5314,39,2,2,7,27259,13,12,707,0,0,1453,1,10,1,731,1453,1,3,26,1,11180
1,1,2,5314,40,2,2,7,21384,10,0,703,0,0,1911,1,10,1,1214,1911,1,3,14,1,2000
1,1,2,5314,41,2,2,7,21384,10,0,703,0,0,1919,1,10,1,1215,1919,1,1,0,5,0
1,1,2,5315,37,2,2,7,16800,12,11,4776,0,0,7158,3,30,1,1335,7158,3,2,26,1,8528
1,1,2,5323,30,2,2,7,46201,14,17,2439,3,30,8076,1,10,1,2162,8076,1,6,0,5,0
1,1,2,5332,42,1,2,7,28500,15,12,651,3,30,4973,3,30,1,2291,4973,3,1,52,1,40000
1,1,2,5332,43,2,2,7,12092,99,0,5114,3,30,4344,2,30,1,153,4344,2,1,52,5,22000
1,1,2,5332,45,1,2,7,12092,99,0,5114,0,0,4344,3,30,1,1015,4344,3,1,52,1,19968
1,1,2,5335,37,1,2,7,29988,11,0,2666,6,65,8986,1,10,1,2330,8986,1,1,52,1,40000
1,1,2,5348,35,1,2,7,53000,12,14,1479,0,0,5576,2,30,1,292,5576,2,3,31,1,12000
1,1,2,5348,192,1,3,,,,,0,0,0,6620,51,30,1,774,6620,51,7,0,5,0
1,1,2,5350,40,2,2,7,6000,11,0,774,0,0,6853,3,30,1,1132,6853,3,1,0,5,0
1,1,2,5350,41,1,2,7,6000,11,0,774,0,0,6853,4,30,1,1256,6853,4,1,17,1,2760
1,1,2,5355,175,1,3,7,21900,10,9,598,0,0,8487,1,10,1,2262,8487,1,3,12,1,9999999
1,1,2,5355,176,1,3,7,21900,10,9,598,0,0,7687,51,30,1,2186,7687,51,7,5,1,900
1,1,2,5356,171,1,3,7,42230,14,0,1895,0,0,543,51,30,1,762,543,51,1,49,1,3000
1,1,2,5363,34,2,2,7,41000,12,12,6011,4,60,1325,2,30,1,247,1325,2,1,52,1,800
1,1,2,5363,35,2,2,7,18168,13,0,5886,3,30,1812,1,10,1,1216,1812,1,7,3,1,10000
1,1,2,5364,35,2,2,7,1200,13,0,6069,3,60,7479,1,10,1,1133,7479,1,2,3,1,3000
1,1,2,5364,36,2,2,7,35440,12,12,3726,0,0,4220,51,30,1,348,4220,51,7,0,5,0
1,1,2,5364,37,1,2,7,1200,13,0,6069,0,0,6654,2,30,1,2359,6654,2,1,52,1,40000
1,1,2,5364,38,2,2,7,24599.8,12,0,4093,0,0,7192,51,30,1,1814,7192,51,7,30,1,6975
1,1,2,5364,46,1,2,7,24599.8,12,0,4093,0,0,7192,52,30,1,1217,7192,52,7,0,5,0
1,1,2,5366,50,1,2,7,14000,13,0,34,0,0,4648,51,33,1,675,4648,51,1,52,1,41400
1,1,2,5366,203,2,3,7,14000,12,0,659,0,0,4783,51,30,1,389,4783,51,1,44,1,10000
1,1,2,5370,43,1,2,7,47200,14,14,2323,0,0,8892,1,10,1,1823,8892,1,1,52,1,25000
1,1,2,5370,44,1,2,7,47200,14,14,2323,0,0,5101,2,30,1,2066,5101,2,1,52,1,50000
1,1,2,5375,31,2,2,7,38600,14,15,5195,0,0,3111,51,30,1,575,3111,51,7,31,1,9486
1,1,2,5392,39,1,2,7,24550,11,0,4506,3,30,6304,1,10,1,1301,6304,1,1,11,1,11000
1,1,2,5392,40,1,2,7,24550,11,0,4506,4,30,4404,1,10,1,592,4404,1,1,52,1,2000
1,1,2,5392,41,1,2,7,24550,11,0,4506,0,0,3707,2,30,1,693,3707,2,1,39,1,9999999
1,1,2,5393,37,2,2,7,36872,10,0,6305,3,60,7361,2,30,1,2307,7361,2,1,52,1,31200
1,1,2,5393,38,1,2,7,16000,13,0,5951,3,30,7216,1,10,1,1257,7216,1,3,24,1,3000
1,1,2,5393,39,2,2,7,16000,13,0,5951,0,0,4777,3,30,1,2010,4777,3,7,0,5,0
1,1,2,5395,37,2,2,7,38000,14,11,5860,4,30,2559,1,10,1,43,2559,1,3,20,1,31000
1,1,2,5406,176,2,3,7,66000,12,0,3144,3,30,7123,1,10,1,1861,7123,1,1,0,5,0
1,1,2,5408,30,1,2,7,31150,10,10,1082,0,0,9007,1,10,1,1718,9007,1,3,0,5,0
1,1,2,5424,34,1,2,7,9820,11,0,4500,3,30,7624,1,10,1,1349,7624,1,1,35,1,50000
1,1,2,5425,34,1,2,7,30000,99,17,168,4,30,5481,1,10,1,1046,5481,1,1,52,1,27040
1,1,2,5429,36,2,2,7,15558,12,0,4542,0,0,670,2,30,1,1595,670,2,1,0,5,0
1,1,2,5430,50,2,2,7,29400,11,12,4581,7,60,3638,2,20,1,576,3638,2,1,52,1,32000
1,1,2,5430,51,1,2,7,29400,11,12,4581,9,96,8000,1,10,1,2120,8000,1,3,52,1,9999999
1,1,2,5430,54,2,2,7,12001,12,0,4961,0,0,6769,1,10,1,763,6769,1,1,52,1,6800
1,1,2,5430,57,2,2,7,2000,9,0,5275,0,0,3933,2,30,1,1885,3933,2,1,0,5,0
1,1,2,5430,58,2,2,7,4524,12,0,3063,0,0,6830,2,30,1,1582,6830,2,3,7,1,210
1,1,2,5430,62,1,2,7,29400,11,12,4581,0,0,9187,1,10,1,1943,9187,1,1,52,1,2000
1,1,2,5430,63,2,2,7,79488,12,12,4960,0,0,8011,2,30,1,1733,8011,2,7,0,5,0
1,1,2,5430,64,1,2,7,2000,9,0,5275,0,0,3933,3,30,1,1082,3933,3,1,18,5,230
1,1,2,5430,70,1,2,7,17488.91,12,0,5066,0,0,6357,4,60,1,2360,6357,4,1,2,1,100
1,1,2,5440,33,2,2,7,27000,12,14,3067,4,30,153,3,30,1,349,153,3,1,52,1,30000
1,1,2,5443,36,2,2,7,22000,12,12,6264,0,0,1620,4,30,1,862,1620,4,1,52,1,800
1,1,2,5443,37,1,2,7,22000,12,12,6264,3,30,1620,3,30,1,863,1620,3,6,0,5,0
1,1,2,5446,33,2,2,7,40391.94,10,12,657,0,0,7566,4,33,1,1635,7566,4,1,20,1,7380
1,1,2,5447,35,2,2,7,25088,11,0,3103,4,30,7748,1,10,1,2013,7748,1,1,48,1,32000
1,1,2,5449,34,1,2,7,20760,13,0,4809,2,30,317,2,30,1,405,317,2,1,2,1,950
1,1,2,5449,35,1,2,7,20760,13,0,4809,0,0,317,3,30,1,2124,317,3,1,23,5,10120
1,1,2,5458,37,1,2,7,29000,15,0,4706,4,60,1897,1,10,1,1163,1897,1,2,52,1,22000
1,1,2,5458,38,2,2,7,29000,15,0,4706,0,0,1296,2,30,1,603,1296,2,1,52,5,1000
1,1,2,5458,40,2,2,7,29000,12,12,3974,0,0,1587,2,30,1,659,1587,2,7,35,1,11651
1,1,2,5459,33,1,2,7,65000,14,12,2175,5,30,5622,1,10,1,928,5622,1,1,52,1,40000
1,1,2,5459,34,1,2,7,23000,13,14,605,0,0,2956,3,30,1,2256,2956,3,2,52,1,9999999
1,1,2,5459,35,1,2,7,23000,13,14,605,0,0,2956,4,30,1,1645,2956,4,1,0,5,0
1,1,2,5462,36,1,2,7,34087.58,15,15,5674,3,30,5972,2,30,1,1047,5972,2,1,52,5,30720
1,1,2,5462,37,2,2,7,4400,12,11,2991,0,0,7054,51,30,1,1134,7054,51,3,30,1,9999999
1,1,2,5462,38,1,2,7,4400,12,11,2991,0,0,6850,2,30,1,1302,6850,2,5,0,5,0
1,1,2,5462,39,1,2,7,4400,12,11,2991,0,0,6850,3,30,1,1303,6850,3,7,0,5,0
1,1,2,5463,186,1,3,7,1640,12,0,4818,0,0,6798,1,10,1,1069,6798,1,1,52,1,15600
1,1,2,5463,187,2,3,7,1640,12,0,4818,0,0,4457,2,22,1,350,4457,2,1,52,1,33000
1,1,2,5463,188,1,3,7,1640,12,0,4818,0,0,7214,1,10,1,1235,7214,1,1,52,1,30000
1,1,2,5463,189,1,3,7,1640,12,0,4818,0,0,2661,2,30,1,888,2661,2,7,43,1,20475
1,1,2,5464,43,2,2,7,648,15,0,4820,3,30,6550,1,10,1,764,6550,1,1,18,1,15000
1,1,2,5464,45,2,2,7,12000,14,0,4470,0,0,5619,51,30,1,351,5619,51,1,52,1,27000
1,1,2,5464,183,2,3,7,648,15,0,4820,2,30,5953,1,10,1,540,5953,1,2,2,1,2296
1,1,2,5464,189,2,3,7,16212,5,0,4651,0,0,5034,1,10,1,293,5034,1,1,0,5,0
1,1,2,5464,190,2,3,7,16212,5,0,4651,0,0,8344,1,10,1,1719,8344,1,1,31,1,2000
1,1,2,5464,191,1,3,7,16212,5,0,4651,0,0,5034,4,40,1,294,5034,4,6,0,5,0
1,1,2,5476,31,2,2,7,43500,15,12,4084,0,0,2567,2,30,1,1420,2567,2,3,52,1,21000
1,1,2,5479,32,2,2,7,5000,11,0,5773,0,0,1346,2,30,1,1448,1346,2,7,0,5,0
1,1,2,5491,34,1,2,7,66000,14,13,4289,3,30,1386,1,10,1,1096,1386,1,1,52,1,39000
1,1,2,5493,44,2,2,7,0,10,0,6176,0,0,7328,3,33,1,1567,7328,3,7,0,5,0
1,1,2,5493,203,1,3,7,0,10,0,6176,0,0,7328,51,33,1,1605,7328,51,1,52,1,50000
1,1,2,5494,38,1,2,7,14873.52,10,0,453,0,0,3407,2,30,1,2047,3407,2,1,52,1,31200
1,1,2,5495,34,2,2,7,111000,16,0,3763,4,30,7402,1,10,1,1273,7402,1,1,34,1,9999999
1,1,2,5498,34,1,2,7,56601,99,99,1683,0,0,1476,3,30,1,1636,1476,3,1,52,1,56000
1,1,2,5501,187,1,3,7,0,11,0,3614,0,0,6741,3,30,1,1868,6741,3,1,29,1,12659
1,1,2,5513,33,1,2,7,20796,11,0,5061,3,60,6554,1,10,1,1097,6554,1,3,52,1,13140
1,1,2,5513,35,1,2,7,20796,11,0,5061,5,60,6688,1,10,1,1274,6688,1,2,10,1,8400
1,1,2,5513,37,2,2,7,20796,11,0,5061,0,0,2205,2,30,1,2361,2205,2,99,0,9,0
1,1,2,5526,50,2,2,7,1350,9,0,766,0,0,5159,1,10,1,484,5159,1,3,48,1,10000
1,1,2,5527,31,2,2,7,13500,12,12,2568,4,30,7398,1,10,1,1288,7398,1,1,52,1,29380
1,1,2,5527,32,2,2,7,13500,12,12,2568,0,0,7398,2,40,1,1258,7398,2,1,52,1,18876
1,1,2,5537,45,2,2,7,14196,99,99,1096,5,30,4519,1,10,1,16,4519,1,7,0,5,0
1,1,2,5537,46,2,2,7,33500,12,12,4316,4,30,6563,3,30,1,765,6563,3,1,52,1,28730
1,1,2,5537,47,2,2,7,9099.3,99,0,3841,3,30,5551,3,30,1,593,5551,3,1,0,5,0
1,1,2,5537,48,1,2,7,9099.3,99,0,3841,2,30,6766,1,10,1,1076,6766,1,1,52,1,71000
1,1,2,5537,49,2,2,7,10712,11,0,3207,0,0,5583,1,10,1,352,5583,1,3,0,5,0
1,1,2,5537,50,2,2,,,,,0,0,0,5551,4,30,1,1897,5551,4,1,0,5,0
1,1,2,5537,51,1,2,7,20900,13,0,1447,0,0,6010,1,10,1,353,6010,1,1,52,1,30000
1,1,2,5537,52,1,2,7,10712,11,0,3207,0,0,6316,2,33,1,1429,6316,2,6,0,5,0
1,1,2,5537,53,2,2,,,,,0,0,0,5551,5,30,1,2024,5551,5,7,0,5,0
1,1,2,5537,54,2,2,7,20900,13,0,1447,0,0,4604,3,30,1,517,4604,3,1,52,5,28608
1,1,2,5537,55,2,2,7,10712,11,0,3207,0,0,5487,3,30,1,295,5487,3,1,52,1,27664
1,1,2,5537,56,1,2,7,10712,11,0,3207,0,0,5487,4,30,1,296,5487,4,3,0,5,0
1,1,2,5539,40,1,2,7,12152,12,0,1990,6,60,7101,1,10,1,1164,7101,1,1,52,1,26500
1,1,2,5539,41,1,2,7,7750,10,0,1090,4,30,5418,1,10,1,1658,5418,1,3,52,1,12200
1,1,2,5542,33,2,2,7,6950,16,0,5049,0,0,6745,3,33,1,873,6745,3,1,52,5,15000
1,1,2,5547,42,2,2,7,15000,9,0,1422,0,0,2117,2,38,1,2362,2117,2,99,0,9,0
1,1,2,5549,38,2,2,7,26000,12,0,6122,0,0,3492,51,30,1,830,3492,51,7,52,1,70500
1,1,2,5553,33,2,2,7,80075,15,17,4268,0,0,2733,3,30,1,694,2733,3,1,11,1,1600
1,1,2,5553,34,2,2,7,80075,15,17,4268,0,0,2733,4,30,1,248,2733,4,1,4,1,1200
1,1,2,5559,37,1,2,7,32020,7,15,5010,3,30,2005,1,10,1,249,2005,1,6,52,1,16860
1,1,2,5559,38,1,2,7,11706,9,0,5277,0,0,5924,3,33,1,250,5924,3,7,0,5,0
1,1,2,5560,41,2,2,7,13500,12,0,329,8,60,7859,2,30,1,2223,7859,2,1,4,5,1440
1,1,2,5560,42,2,2,7,16300,12,16,1605,3,30,7621,1,10,1,1236,7621,1,1,42,1,40000
1,1,2,5560,43,1,2,7,16300,12,16,1605,0,0,4229,4,30,1,1430,4229,4,7,13,1,4992
1,1,2,5560,44,2,2,7,16150,12,9,3674,0,0,8302,1,10,1,1743,8302,1,2,52,1,16000
1,1,2,5560,46,1,2,7,16300,12,16,1605,0,0,4229,3,30,1,1165,4229,3,3,0,5,0
1,1,2,5560,48,2,2,7,13500,12,0,329,0,0,7859,3,30,1,2241,7859,3,3,0,5,0
1,1,2,5565,36,2,2,7,23000,12,11,5810,0,0,5986,2,30,1,594,5986,2,3,0,5,0
1,1,2,5565,37,2,2,7,47000,12,13,5460,0,0,2569,2,30,1,964,2569,2,7,36,1,5000
1,1,2,5566,32,2,2,7,22559.88,16,12,4735,4,30,6079,2,20,1,485,6079,2,1,52,1,28000
1,1,2,5566,33,1,2,7,22559.88,16,12,4735,0,0,3650,3,30,1,406,3650,3,1,52,1,34000
1,1,2,5569,43,2,2,7,58550,10,12,2913,0,0,5579,3,33,1,831,5579,3,1,13,1,4810
1,1,2,5569,44,2,2,7,8495,11,0,5521,0,0,3633,2,30,1,2292,3633,2,3,0,5,0
1,1,2,5569,45,1,2,7,8495,11,0,5521,0,0,8028,2,30,1,2230,8028,2,1,0,5,0
1,1,2,5569,213,1,3,7,33200,12,0,5520,0,0,6267,51,30,1,1275,6267,51,7,52,1,54000
1,1,2,5570,48,2,2,7,62622.85,12,12,5657,0,0,4051,3,30,1,154,4051,3,7,52,1,27040
1,1,2,5570,49,1,2,7,62622.85,12,12,5657,0,0,8399,1,10,1,1815,8399,1,1,52,1,24200
1,1,2,5570,50,1,2,7,40080.76,99,99,2613,0,0,6599,3,30,1,2143,6599,3,6,52,1,400
1,1,2,5570,201,1,3,7,32000,15,14,3163,5,30,2501,1,10,1,1493,2501,1,1,44,1,10000
1,1,2,5570,204,1,3,7,62622.85,12,12,5657,3,30,4886,1,10,1,732,4886,1,1,52,1,80000
1,1,2,5573,42,1,2,7,22264.5,12,16,933,3,30,7987,1,10,1,2352,7987,1,99,52,1,100000
1,1,2,5573,43,2,2,7,15208,14,0,1794,3,30,6954,1,10,1,1431,6954,1,3,52,1,33000
1,1,2,5573,44,1,2,7,22264.5,12,16,933,4,30,6305,2,30,1,874,6305,2,1,52,1,70000
1,1,2,5573,47,2,2,7,22264.5,12,16,933,0,0,7438,3,30,1,1465,7438,3,1,52,1,3000
1,1,2,5576,41,1,2,7,3092,8,0,1361,2,30,4863,2,30,1,1833,4863,2,6,0,5,0
1,1,2,5576,42,2,2,7,39033,7,10,2694,0,0,2664,3,30,1,766,2664,3,2,36,5,500
1,1,2,5576,43,1,2,7,14000,12,0,3658,0,0,6488,3,30,1,1304,6488,3,6,30,1,9999999
1,1,2,5600,33,2,2,7,17786,12,0,226,0,0,7707,3,30,1,2011,7707,3,7,0,5,0
1,1,2,5610,35,2,2,7,26768,11,0,4578,0,0,7571,1,10,1,2212,7571,1,1,52,1,24000
1,1,2,5611,33,2,2,7,26000,99,0,3885,0,0,2831,51,30,1,17,2831,51,7,52,1,3000
1,1,2,5611,179,2,3,7,26000,99,0,3885,0,0,4605,1,10,1,518,4605,1,1,52,1,24000
1,1,2,5612,39,1,2,7,57000,14,16,5697,4,30,5914,1,10,1,789,5914,1,6,52,1,17000
1,1,2,5612,40,1,2,7,57000,14,16,5697,5,30,7723,1,10,1,1991,7723,1,1,32,1,3000
1,1,2,5612,41,1,2,7,29400,12,12,5525,4,30,3579,1,10,1,733,3579,1,1,0,5,0
1,1,2,5613,48,2,2,7,34088,7,11,880,6,65,4591,1,10,1,44,4591,1,7,52,1,30000
1,1,2,5613,49,1,2,7,44640,10,12,5764,4,30,6199,1,10,1,875,6199,1,7,50,1,15042
1,1,2,5613,50,1,2,7,34088,7,11,880,0,0,5594,2,70,1,604,5594,2,3,1,1,14
1,1,2,5613,51,1,2,7,38500,12,12,4694,0,0,3202,2,30,1,1507,3202,2,1,27,1,9229
1,1,2,5613,52,2,2,7,38500,12,12,4694,0,0,3202,3,30,1,660,3202,3,3,6,1,208
1,1,2,5614,38,2,2,7,26358.32,11,0,5299,6,60,4950,1,10,1,1729,4950,1,6,52,1,9999999
1,1,2,5619,178,1,3,7,6192,10,0,3729,0,0,4757,1,10,1,390,4757,1,3,0,5,0
1,1,2,5621,34,2,2,7,19439.6,12,12,1989,3,30,6869,2,20,1,1439,6869,2,2,52,1,9999999
1,1,2,5621,35,2,2,7,26000,13,0,3571,72,30,2827,1,10,1,1016,2827,1,1,52,1,25000
1,1,2,5621,36,2,2,7,19439.6,12,12,1989,0,0,4778,3,30,1,1772,4778,3,2,41,1,21000
1,1,2,5621,37,1,2,7,26000,13,0,3571,0,0,3318,2,30,1,45,3318,2,3,0,5,0
1,1,2,5621,38,2,2,7,19439.6,12,12,1989,0,0,4778,4,30,1,812,4778,4,7,1,1,145
1,1,2,5623,53,2,2,7,26500,11,0,2444,5,60,5603,1,10,1,155,5603,1,1,52,1,9999999
1,1,2,5623,55,1,2,7,26500,11,0,2444,6,60,6545,1,10,1,1584,6545,1,1,52,5,31200
1,1,2,5623,56,2,2,7,26500,11,0,2444,0,0,9138,1,10,1,1762,9138,1,6,52,1,30000
1,1,2,5623,57,1,2,7,26500,11,0,2444,0,0,2896,2,30,1,354,2896,2,3,5,1,3200
1,1,2,5623,58,2,2,7,14800,99,0,1995,0,0,9196,1,10,1,2134,9196,1,1,52,1,9999999
1,1,2,5623,59,2,2,7,12500,12,11,606,0,0,5219,4,33,1,156,5219,4,1,39,1,16320
1,1,2,5623,60,1,2,7,12500,12,11,606,0,0,5219,3,33,1,661,5219,3,1,52,1,19380
1,1,2,5623,61,1,2,7,12500,12,11,606,0,0,7125,1,10,1,1259,7125,1,5,52,1,2012
1,1,2,5623,65,1,2,7,26500,11,0,2444,0,0,8226,2,30,1,2206,8226,2,3,0,5,0
1,1,2,5623,66,1,2,7,12500,12,11,606,0,0,2399,2,60,1,1185,2399,2,1,52,5,20000
1,1,2,5623,70,2,2,7,26500,11,0,2444,0,0,2896,3,30,1,706,2896,3,7,0,5,0
1,1,2,5623,72,2,2,7,12500,12,11,606,0,0,5219,5,33,1,1237,5219,5,1,15,1,2000
1,1,2,5623,200,1,3,7,25000,14,0,4621,0,0,5456,1,10,1,251,5456,1,3,52,1,18000
1,1,2,5628,44,2,2,7,7944,10,0,3965,7,30,5207,1,10,1,1527,5207,1,6,0,5,0
1,1,2,5628,45,1,2,7,2000,11,0,5451,0,0,5571,3,30,1,157,5571,3,7,52,5,1254
1,1,2,5628,48,1,2,,,,,0,0,0,3196,4,30,1,1744,3196,4,7,6,5,500
1,1,2,5628,188,1,3,,,,,0,0,0,3196,3,30,1,1166,3196,3,7,0,5,0
1,1,2,5628,197,2,3,,,,,0,0,0,6666,1,10,1,832,6666,1,1,0,5,0
1,1,2,5635,42,2,2,7,14712,13,0,575,6,60,7245,1,10,1,2331,7245,1,3,52,1,9999999
1,1,2,5635,43,1,2,7,68000,15,12,6235,3,60,3784,3,60,1,2277,3784,3,6,0,5,0
1,1,2,5635,44,1,2,7,14712,13,0,575,0,0,8333,3,40,1,1920,8333,3,7,10,5,3000
1,1,2,5636,176,1,3,7,5328,9,0,4014,0,0,7484,51,30,1,1472,7484,51,1,25,1,2500
1,1,2,5640,35,1,2,7,28000,13,0,1944,4,30,7325,1,10,1,2207,7325,1,3,52,1,14000
1,1,2,5640,36,1,2,7,51401,17,0,3733,0,0,5447,3,30,1,1606,5447,3,3,0,5,0
1,1,2,5641,38,1,2,7,7655.76,11,0,3723,5,60,8927,2,30,1,2182,8927,2,3,0,5,0
1,1,2,5642,180,2,3,7,46400,12,12,403,0,0,7040,2,30,1,1537,7040,2,1,0,5,0
1,1,2,5655,42,1,2,7,14784,12,0,643,0,0,58,3,33,1,541,58,3,7,23,1,4000
1,1,2,5655,43,2,2,7,14784,12,0,643,0,0,406,2,30,1,1361,406,2,1,52,1,11050
1,1,2,5655,44,1,2,7,22141,15,0,1681,0,0,1136,3,30,1,929,1136,3,3,11,1,50
1,1,2,5655,198,2,3,7,14784,12,0,643,0,0,406,51,30,1,1350,406,51,1,52,1,40000
1,1,2,5656,45,1,2,7,23000,13,11,5141,3,30,7129,1,10,1,2067,7129,1,7,52,1,65000
1,1,2,5656,193,2,3,7,40000,16,0,6134,0,0,8124,2,22,1,1801,8124,2,3,0,5,0
1,1,2,5656,198,1,3,7,23000,13,11,5141,0,0,7129,2,40,1,1588,7129,2,6,0,5,0
1,1,2,5663,50,1,2,7,7908,11,0,3667,4,30,4815,1,10,1,717,4815,1,2,0,5,0
1,1,2,5663,51,1,2,7,7908,11,0,3667,5,30,2962,2,30,1,1660,2962,2,1,52,1,100000
1,1,2,5663,52,2,2,7,2220,12,0,2145,3,30,4929,1,10,1,297,4929,1,1,52,1,25460
1,1,2,5663,53,1,2,7,5917.4,10,0,2411,2,30,7087,1,10,1,1135,7087,1,3,0,5,0
1,1,2,5663,54,2,2,7,5917.4,10,0,2411,0,0,7640,51,30,1,1186,7640,51,7,52,1,24256
1,1,2,5664,179,1,3,7,51000,10,10,5327,0,0,4549,2,30,1,519,4549,2,5,0,5,0
1,1,2,5664,181,2,3,,,,,0,0,0,7313,2,30,1,1630,7313,2,7,10,1,2200
1,1,2,5676,197,2,3,7,28568,12,0,4599,0,0,4835,5,30,1,355,4835,5,2,10,1,3000
1,1,2,5676,198,1,3,7,28568,12,0,4599,0,0,4835,2,30,1,158,4835,2,1,0,5,0
1,1,2,5677,42,2,2,7,27000,12,10,4666,3,30,5732,1,10,1,356,5732,1,1,52,1,63000
1,1,2,5677,44,1,2,7,27000,12,10,4666,4,30,9228,1,10,1,2195,9228,1,1,39,1,9999999
1,1,2,5677,46,1,2,7,7946,10,9,1403,0,0,7782,2,30,1,2081,7782,2,7,0,5,0
1,1,2,5677,47,1,2,7,27000,12,10,4666,0,0,5960,1,10,1,790,5960,1,3,0,5,0
1,1,2,5677,48,1,2,7,7946,10,9,1403,0,0,7782,3,30,1,2363,7782,3,3,0,9,0
1,1,2,5678,41,2,2,7,4704,10,0,5364,3,30,7549,4,30,1,2244,7549,4,3,0,5,0
1,1,2,5680,34,2,2,7,47600,12,99,4304,4,30,7444,1,10,1,2199,7444,1,1,52,1,31200
1,1,2,5680,35,1,2,7,69000,15,14,539,0,0,2159,3,60,1,1136,2159,3,1,20,5,1800
1,1,2,5683,43,1,2,7,18200,13,0,4317,4,30,3748,51,30,1,159,3748,51,3,37,1,720
1,1,2,5683,44,1,2,7,14740,12,12,1455,0,0,1956,3,60,1,917,1956,3,1,13,1,1800
1,1,2,5683,45,2,2,7,20000,12,12,1456,0,0,3216,3,33,1,775,3216,3,3,0,5,0
1,1,2,5683,46,1,2,7,18200,13,0,4317,0,0,4831,2,30,1,160,4831,2,7,0,5,0
1,1,2,5683,47,1,2,7,27500,16,0,1454,0,0,7234,2,30,1,1437,7234,2,7,0,5,0
1,1,2,5683,193,1,3,7,53500,13,0,5457,0,0,7988,3,30,1,2034,7988,3,1,52,1,18000
1,1,2,5684,42,2,2,7,50000,13,0,666,0,0,5675,2,30,1,1457,5675,2,3,0,5,0
1,1,2,5684,43,1,2,7,50000,13,0,666,0,0,5675,3,30,1,357,5675,3,7,9,1,6120
1,1,2,5684,243,2,3,7,50000,13,0,666,0,0,2755,2,40,1,358,2755,2,1,52,1,53260
1,1,2,5685,33,1,2,7,101000,14,12,3998,0,0,3422,3,30,1,2105,3422,3,1,0,5,0
1,1,2,5685,180,1,3,7,101000,14,12,3998,0,0,3422,4,30,1,2257,3422,4,1,52,1,55000
1,1,2,5693,45,1,2,7,12277,9,0,4767,3,60,2286,1,10,1,695,2286,1,1,52,1,32000
1,1,2,5693,47,2,2,,,,,0,0,0,7233,1,10,1,1137,7233,1,3,52,1,33730
1,1,2,5693,49,2,2,7,12277,9,0,4767,8,60,4168,1,10,1,743,4168,1,1,46,1,9999999
1,1,2,5693,50,1,2,7,36000,10,0,4302,0,0,3252,2,30,1,520,3252,2,1,52,1,1000
1,1,2,5693,51,1,2,,,,,0,0,0,3040,51,30,1,954,3040,51,7,0,5,0
1,1,2,5706,40,2,2,7,53500,16,14,5966,4,30,3328,2,30,1,1362,3328,2,1,52,5,0
1,1,2,5706,43,1,2,7,53500,16,14,5966,0,0,8051,4,30,1,1690,8051,4,3,52,1,35000
1,1,2,5706,44,1,2,7,53500,16,14,5966,0,0,8051,3,30,1,2137,8051,3,7,26,5,9999999
1,1,2,5706,218,2,3,7,94300,14,16,4426,0,0,2944,2,30,1,791,2944,2,3,23,1,1000
1,1,2,5714,179,2,3,7,30000,11,0,916,0,0,272,3,33,1,2125,272,3,1,12,1,3000
1,1,2,5748,39,2,2,7,18456,12,0,3538,9,30,6295,2,22,1,889,6295,2,1,52,1,16640
1,1,2,5748,40,2,2,7,18456,12,0,3538,0,0,8620,1,10,1,1720,8620,1,7,52,1,23000
1,1,2,5749,46,2,2,7,9194,11,0,3196,4,30,5256,2,30,1,428,5256,2,1,52,1,43000
1,1,2,5749,47,1,2,7,55101,12,10,3662,5,60,5025,1,10,1,391,5025,1,1,0,5,0
1,1,2,5749,48,2,2,7,9194,11,0,3196,5,30,5256,3,30,1,161,5256,3,6,20,1,9999999
1,1,2,5749,49,2,2,7,9194,11,0,3196,0,0,5256,4,30,1,486,5256,4,1,52,5,4000
1,1,2,5749,50,2,2,7,55101,12,10,3662,0,0,5691,2,30,1,252,5691,2,1,0,5,0
1,1,2,5749,51,1,2,7,9194,11,0,3196,0,0,5644,2,30,1,1551,5644,2,7,0,5,0
1,1,2,5757,35,2,2,7,85099.9,12,12,3785,0,0,8501,1,10,1,1980,8501,1,1,0,5,0
1,1,2,5757,36,2,2,7,85099.9,12,12,3785,0,0,7656,3,30,1,1449,7656,3,3,6,1,2208
1,1,2,5757,37,2,2,7,85099.9,12,12,3785,0,0,8265,3,30,1,1992,8265,3,3,49,5,9
1,1,2,5757,38,2,2,7,85099.9,12,12,3785,0,0,8265,4,30,1,1691,8265,4,7,0,5,0
1,1,2,5757,39,1,2,7,85099.9,12,12,3785,0,0,5573,51,30,1,1508,5573,51,3,0,5,0
1,1,2,5801,37,1,2,7,9494,11,0,4047,0,0,4019,2,30,1,2176,4019,2,7,20,1,3000
1,1,2,5812,57,2,2,7,10504,10,0,4183,2,30,4427,2,22,1,54,4427,2,2,9,1,9999999
1,1,2,5812,58,1,2,7,27200,12,12,3925,5,30,4040,1,10,1,162,4040,1,1,14,1,8400
1,1,2,5812,59,1,2,7,33095.76,99,99,2448,3,30,5788,4,60,1,2163,5788,4,1,16,1,10880
1,1,2,5812,60,2,2,7,5824,12,0,4219,4,30,5882,1,10,1,163,5882,1,1,52,1,9999999
1,1,2,5812,63,1,2,7,5824,12,0,4219,0,0,6691,2,30,1,1138,6691,2,1,52,5,52
1,1,2,5812,64,1,2,7,5824,12,0,4219,0,0,8398,1,10,1,1692,8398,1,2,52,1,40000
1,1,2,5812,65,2,2,,,,,0,0,0,4601,3,30,1,164,4601,3,1,0,5,0
1,1,2,5812,215,1,3,,,,,0,0,0,4601,4,30,1,165,4601,4,7,0,5,0
1,1,2,5813,37,2,2,7,22790,9,0,2177,0,0,7224,2,74,1,1574,7224,2,7,52,1,35000
1,1,2,5813,38,2,2,7,22790,9,0,2177,0,0,3188,2,60,1,298,3188,2,6,0,5,0
1,1,2,5814,42,1,2,7,62176,12,12,202,0,0,5513,51,30,1,1858,5513,51,7,0,5,0
1,1,2,5814,46,1,2,7,62176,12,12,202,0,0,7169,51,30,1,2332,7169,51,1,52,1,55000
1,1,2,5814,48,2,2,,,,,0,0,0,7367,4,33,1,1218,7367,4,7,14,1,90
1,1,2,5821,31,1,2,7,31997,12,14,1250,0,0,2680,51,30,1,359,2680,51,1,52,1,4800
1,1,2,5834,34,2,2,7,22480,99,0,6074,2,30,350,2,30,1,166,350,2,1,3,1,9999999
1,1,2,5841,35,1,2,7,50300,13,14,1726,4,30,6197,1,10,1,1048,6197,1,1,52,1,27720
1,1,2,5849,47,2,2,7,15228,8,0,5038,5,60,5531,1,10,1,676,5531,1,1,52,1,8000
1,1,2,5849,49,2,2,7,15228,8,0,5038,6,60,8055,1,10,1,2106,8055,1,1,52,1,23400
1,1,2,5849,50,2,2,7,15228,8,0,5038,0,0,2557,2,30,1,1573,2557,2,7,52,9,16770
1,1,2,5849,51,2,2,7,15228,8,0,5038,0,0,5186,3,30,1,955,5186,3,3,52,5,65
1,1,2,5849,184,1,3,7,15228,8,0,5038,0,0,9220,1,10,1,2213,9220,1,1,52,1,45000
1,1,2,5849,186,1,3,7,15228,8,0,5038,0,0,5186,2,30,1,1059,5186,2,6,0,5,0
1,1,2,5853,44,1,2,7,7912,11,11,6255,4,30,7574,1,10,1,1342,7574,1,6,39,1,1000
1,1,2,5853,46,1,2,,,,,0,0,0,7455,3,30,1,1276,7455,3,1,31,1,12400
1,1,2,5853,196,1,3,7,10416,99,0,6094,0,0,7455,4,33,1,1336,7455,4,6,0,5,0
1,1,2,5853,197,1,3,7,10416,99,0,6094,0,0,8148,1,10,1,1981,8148,1,1,34,1,9999999
1,1,2,5858,37,2,2,7,52224,12,11,5978,4,60,4943,1,10,1,299,4943,1,1,52,1,13000
1,1,2,5858,38,1,2,7,2100,9,0,5426,4,30,5599,1,10,1,944,5599,1,1,52,1,71000
1,1,2,5858,39,1,2,7,52224,12,11,5978,5,60,8653,1,10,1,1946,8653,1,6,52,1,9999999
1,1,2,5858,40,2,2,7,52224,12,11,5978,0,0,9136,1,10,1,1734,9136,1,1,24,1,20000
1,1,2,5863,40,1,2,7,7372,12,0,3418,3,70,7501,1,10,1,2187,7501,1,1,0,5,0
1,1,2,5863,44,2,2,7,7372,12,0,3418,4,30,4998,2,30,1,46,4998,2,3,0,5,0
1,1,2,5863,45,2,2,7,7372,12,0,3418,0,0,4998,3,30,1,956,4998,3,1,26,1,17500
1,1,2,5863,46,1,2,7,7372,12,0,3418,0,0,6298,2,60,1,2364,6298,2,99,0,9,0
1,1,2,5864,36,2,2,7,16812.5,12,0,6331,6,30,4699,1,10,1,18,4699,1,3,0,5,0
1,1,2,5871,31,1,2,7,5885,10,0,1638,0,0,6128,51,30,1,930,6128,51,1,18,1,9999999
1,1,2,5871,32,2,2,7,5885,10,0,1638,0,0,6128,2,30,1,833,6128,2,7,10,1,2400
1,1,2,5872,41,1,2,7,4228,12,0,3882,2,30,2619,2,30,1,1824,2619,2,1,0,5,0
1,1,2,5872,44,2,2,,,,,0,0,0,7258,1,10,1,1139,7258,1,7,0,5,0
1,1,2,5874,33,1,2,7,2820,11,0,3462,0,0,41,4,30,1,1532,41,4,3,48,1,7333
1,1,2,5874,34,1,2,7,2820,11,0,3462,0,0,41,5,30,1,2263,41,5,1,0,5,0
1,1,2,5874,180,2,3,7,2820,11,0,3462,0,0,760,1,10,1,167,760,1,2,52,1,24700
1,1,2,5876,34,1,2,7,82300,15,11,2861,0,0,4869,2,60,1,2278,4869,2,1,29,1,4500
1,1,2,5898,37,1,2,7,80000,14,16,3984,5,30,6904,1,10,1,1314,6904,1,1,52,1,74000
1,1,2,5898,38,1,2,7,32500,16,0,3982,3,30,4716,1,10,1,1500,4716,1,3,1,1,120
1,1,2,5901,43,2,2,7,3604,12,0,1492,3,30,725,1,10,1,945,725,1,1,52,1,7008
1,1,2,5903,36,2,2,,,,,0,0,0,7790,1,10,1,1745,7790,1,1,52,1,25000
1,1,2,5904,49,2,2,7,28000,12,13,3110,5,60,2012,1,10,1,168,2012,1,1,52,1,25000
1,1,2,5904,50,2,2,7,46140,12,11,4983,5,60,7342,2,22,1,1194,7342,2,1,52,1,15000
1,1,2,5904,52,2,2,7,28000,12,13,3110,7,60,7700,1,10,1,1773,7700,1,7,52,1,29120
1,1,2,5904,54,1,2,7,28000,12,13,3110,0,0,3517,1,10,1,727,3517,1,6,52,1,80000
1,1,2,5904,55,1,2,7,27600,12,12,5170,0,0,3412,51,30,1,360,3412,51,3,52,5,0
1,1,2,5904,56,2,2,7,46140,12,11,4983,0,0,3963,2,30,1,1140,3963,2,3,0,5,0
1,1,2,5904,57,2,2,7,46140,12,11,4983,0,0,3963,3,30,1,392,3963,3,1,44,5,500
1,1,2,5909,37,2,2,7,2630,11,0,1935,3,30,6816,1,10,1,767,6816,1,7,1,1,56
1,1,2,5909,194,2,3,,,,,0,0,0,6774,3,33,1,1621,6774,3,3,0,5,0
1,1,2,5909,195,2,3,,,,,0,0,0,7358,1,10,1,1260,7358,1,3,0,5,0
1,1,2,5909,196,2,3,,,,,0,0,0,7358,3,40,1,2365,7358,3,99,0,9,0
1,1,2,5916,38,2,2,7,12955,11,0,1014,3,30,2129,2,30,1,169,2129,2,1,52,1,23000
1,1,2,5916,39,1,2,7,38820,12,12,3380,5,30,5173,1,10,1,834,5173,1,1,52,1,75000
1,1,2,5916,43,2,2,7,33000,11,0,5527,0,0,2294,2,30,1,170,2294,2,3,0,5,0
1,1,2,5916,179,2,3,7,45400,12,12,5068,0,0,6144,1,10,1,677,6144,1,2,17,1,21250
1,1,2,5921,32,2,2,7,34201,16,11,2793,3,30,6143,3,30,1,521,6143,3,1,52,1,40000
1,1,2,5921,33,2,2,7,34201,16,11,2793,0,0,7532,1,10,1,1370,7532,1,1,52,1,11456
1,1,2,5921,34,2,2,7,34201,16,11,2793,0,0,7546,1,10,1,1305,7546,1,1,20,1,5200
1,1,2,5922,46,1,2,7,2364,10,0,2374,0,0,7588,51,30,1,1141,7588,51,3,4,1,480
1,1,2,5922,48,2,2,7,32580,12,0,6184,0,0,5188,6,33,1,1907,5188,6,1,0,5,0
1,1,2,5922,49,2,2,7,18997,9,0,6229,0,0,7611,2,30,1,1648,7611,2,7,0,5,0
1,1,2,5922,51,1,2,7,62370,12,12,5649,0,0,7506,3,30,1,2251,7506,3,7,0,5,0
1,1,2,5922,222,1,3,7,62370,12,12,5649,0,0,7505,1,10,1,1409,7505,1,1,16,1,1300
1,1,2,5922,246,2,3,7,32580,12,0,6184,0,0,6320,2,30,1,1315,6320,2,1,14,1,150
1,1,2,5922,247,2,3,7,62370,12,12,5649,0,0,9143,1,10,1,1912,9143,1,2,51,1,3000
1,1,2,5922,250,2,3,7,32580,12,0,6184,0,0,6320,3,30,1,1564,6320,3,3,25,1,11250
1,1,2,5925,42,2,2,7,2308,11,0,4190,72,60,7141,2,30,1,2082,7141,2,7,52,1,32000
1,1,2,5925,43,2,2,,,,,0,0,0,7464,3,30,1,1528,7464,3,7,16,1,1728
1,1,2,5925,44,1,2,7,24184.61,11,16,4282,0,0,4697,51,30,1,1238,4697,51,1,52,1,32660
1,1,2,5926,34,2,2,7,32495,11,14,3361,5,30,5416,2,30,1,678,5416,2,1,52,5,850
1,1,2,5926,35,2,2,7,36821,13,12,4968,4,30,7495,1,10,1,1735,7495,1,1,52,1,30000
1,1,2,5926,36,1,2,7,36821,13,12,4968,5,30,3626,51,30,1,1142,3626,51,3,0,5,0
1,1,2,5926,37,2,2,7,43500,12,14,6215,0,0,7365,51,30,1,1261,7365,51,3,0,5,0
1,1,2,5926,38,1,2,7,27800,13,0,4361,0,0,5981,2,30,1,253,5981,2,1,52,1,14300
1,1,2,5938,34,2,2,7,6780,13,0,5774,3,30,3100,3,30,1,60,3100,3,1,0,5,0
1,1,2,5938,36,1,2,7,6780,13,0,5774,0,0,3100,4,30,1,728,3100,4,6,9,5,600
1,1,2,5938,37,1,2,7,26300,13,13,2148,0,0,4946,2,30,1,171,4946,2,7,0,5,0
1,1,2,5938,186,2,3,7,11650,13,0,1590,0,0,7345,2,30,1,1316,7345,2,6,0,5,0
1,1,2,5942,38,2,2,7,6223.56,99,0,4436,5,30,2719,3,30,1,1746,2719,3,1,0,5,0
1,1,2,5942,39,2,2,7,6223.56,99,0,4436,0,0,3240,1,10,1,679,3240,1,7,45,1,20000
1,1,2,5959,38,2,2,7,11850,12,0,3362,0,0,8027,3,40,1,2083,8027,3,7,0,5,0
1,1,2,5959,39,2,2,7,8520,12,0,2863,0,0,5941,4,30,1,680,5941,4,1,52,5,10000
1,1,2,5959,40,1,2,7,13000,13,0,5749,0,0,5532,3,30,1,2308,5532,3,3,52,5,0
1,1,2,5959,181,2,3,7,11850,12,0,3362,0,0,8027,1,10,1,2135,8027,1,1,0,5,0
1,1,2,5959,183,2,3,7,8520,12,0,2863,0,0,5941,3,30,1,254,5941,3,1,0,5,0
1,1,2,5959,186,2,3,7,13000,13,0,5749,0,0,6813,1,10,1,1466,6813,1,3,0,5,0
1,1,2,5960,46,2,2,7,41000,13,14,5399,4,30,4717,1,10,1,300,4717,1,1,52,1,9000
1,1,2,5960,47,2,2,7,41000,13,14,5399,5,30,5605,3,30,1,577,5605,3,2,52,1,14535
1,1,2,5960,48,1,2,7,68000,13,12,5398,5,60,6500,1,10,1,1195,6500,1,1,16,1,9999999
1,1,2,5960,49,2,2,7,19800,12,12,4593,0,0,9075,2,20,1,1693,9075,2,1,36,1,20000
1,1,2,5960,51,1,2,7,3900,12,0,2687,0,0,8668,4,71,1,1219,8668,4,1,23,1,20000
1,1,2,5960,52,1,2,7,19800,12,12,4593,0,0,8887,1,10,1,1694,8887,1,2,52,1,12000
1,1,2,5960,53,1,2,7,68000,13,12,5398,0,0,5762,3,30,1,718,5762,3,7,0,5,0
1,1,2,5960,55,1,2,7,68000,13,12,5398,0,0,5762,4,30,1,986,5762,4,1,13,1,2925
1,1,2,5960,56,1,2,7,68000,13,12,5398,0,0,2971,3,30,1,1392,2971,3,3,18,1,2400
1,1,2,5960,194,2,3,7,15150,12,0,4736,0,0,3050,51,30,1,1277,3050,51,1,40,1,9647
1,1,2,5962,32,1,2,7,22100,12,0,3327,0,0,1589,2,30,1,696,1589,2,3,7,1,1200
1,1,2,5964,33,2,2,7,2685,12,0,6329,3,30,6401,1,10,1,890,6401,1,1,0,5,0
1,1,2,5965,36,2,2,7,48269,15,0,6073,74,65,8217,1,10,1,1695,8217,1,1,52,1,20000
1,1,2,5965,39,1,2,7,21400,12,16,1144,0,0,2293,3,30,1,255,2293,3,3,52,1,24960
1,1,2,5965,40,2,2,7,48269,15,0,6073,0,0,4439,51,30,1,1730,4439,51,7,0,5,0
1,1,2,5965,41,1,2,7,48269,15,0,6073,0,0,4439,2,30,1,835,4439,2,1,13,1,7207
1,1,2,5965,42,2,2,7,21400,12,16,1144,0,0,2293,2,30,1,256,2293,2,7,35,1,12863
1,1,2,5965,193,2,3,7,21400,12,16,1144,0,0,2774,51,30,1,19,2774,51,7,52,1,8000
1,1,2,5968,34,2,2,7,34536,12,0,5590,4,30,6794,2,30,1,1385,6794,2,1,0,5,0
1,1,2,5968,182,2,3,7,79107,11,0,959,0,0,8200,3,30,1,2096,8200,3,1,50,1,40000
1,1,2,5977,37,2,2,,,,,0,0,0,3942,3,30,1,707,3942,3,7,0,5,0
1,1,2,5990,38,1,2,7,14000,12,0,5348,0,0,7567,1,10,1,1554,7567,1,1,0,5,0
1,1,2,5990,39,1,2,7,12548,12,0,4050,0,0,3055,51,33,1,429,3055,51,7,26,1,6000
1,1,2,5990,40,2,2,7,9440,13,0,5165,0,0,4862,2,30,1,1017,4862,2,7,0,5,0
1,1,2,5990,180,1,3,7,14000,12,0,5348,2,30,2795,2,30,1,1143,2795,2,1,52,5,26000
1,1,2,5991,33,1,2,7,13000,13,16,4612,3,30,5068,1,10,1,697,5068,1,1,0,5,0
1,1,2,5991,34,2,2,7,13000,13,16,4612,4,30,6155,2,30,1,768,6155,2,1,52,1,45000
1,1,2,5995,46,1,2,7,10600,10,0,3006,0,0,3955,51,30,1,2001,3955,51,3,0,5,0
1,1,2,5998,34,1,2,7,25000,16,12,3800,4,30,7931,1,10,1,1921,7931,1,1,52,1,30000
1,1,2,6009,34,2,2,,,,,0,0,0,2507,2,30,1,1018,2507,2,7,0,5,0
1,1,2,6030,37,2,2,7,40800,12,12,2679,6,30,5421,2,22,1,876,5421,2,6,0,5,0
1,1,2,6030,38,1,2,7,15800,10,0,5936,2,30,3852,1,10,1,361,3852,1,1,48,1,40000
1,1,2,6030,39,1,2,7,54000,17,0,3367,0,0,5803,1,10,1,487,5803,1,1,52,1,17000
1,1,2,6030,40,2,2,,,,,0,0,0,3729,4,30,1,1317,3729,4,99,0,9,0
1,1,2,6030,41,1,2,7,40800,12,12,2679,0,0,6639,2,30,1,1070,6639,2,7,0,5,0
1,1,2,6030,43,2,2,7,40800,12,12,2679,0,0,6639,3,30,1,1077,6639,3,7,0,5,0
1,1,2,6030,184,1,3,7,12500,11,0,3652,0,0,3729,2,30,1,172,3729,2,3,23,1,7000
1,1,2,6030,185,2,3,7,12500,11,0,3652,0,0,3729,3,30,1,257,3729,3,99,3,1,870
1,1,2,6040,37,2,2,7,26000,16,15,4745,5,30,1929,1,10,1,1509,1929,1,1,52,1,20000
1,1,2,6051,37,1,2,7,45149,15,15,4043,3,30,6797,3,30,1,2014,6797,3,1,52,1,58000
1,1,2,6051,39,1,2,7,6756,12,0,3598,0,0,5060,1,10,1,542,5060,1,2,52,1,12800
1,1,2,6051,196,2,3,7,13752,11,0,2142,0,0,5851,3,30,1,47,5851,3,7,52,1,13000
1,1,2,6053,37,2,2,7,25620,12,11,4081,6,30,4443,1,10,1,258,4443,1,1,52,1,10000
1,1,2,6053,38,1,2,7,13659.27,99,0,3715,0,0,8160,1,10,1,1763,8160,1,3,2,1,9999999
1,1,2,6054,34,1,2,7,24300,99,0,5967,0,0,9224,3,30,1,1802,9224,3,7,9,1,2000
1,1,2,6060,31,2,2,7,47413,12,0,3560,6,60,1777,3,30,1,1239,1777,3,1,52,5,30000
1,1,2,6064,42,2,2,7,26900,11,0,340,0,0,9132,1,10,1,1825,9132,1,1,0,5,0
1,1,2,6064,43,2,2,7,26900,11,0,340,0,0,5698,2,30,1,2366,5698,2,99,0,9,0
1,1,2,6064,44,2,2,7,14756,12,0,15,0,0,8846,1,10,1,1788,8846,1,7,52,1,1200
1,1,2,6066,31,2,2,7,12600,12,0,9,4,60,7466,2,40,1,1875,7466,2,1,13,5,3200
1,1,2,6069,176,2,3,,,,,0,0,0,3655,1,10,1,1337,3655,1,1,52,1,13800
1,1,2,6073,39,1,2,7,9025.6,11,0,4119,0,0,3596,2,30,1,543,3596,2,7,0,5,0
1,1,2,6093,41,2,2,7,4250,11,0,1286,5,30,7353,1,10,1,1240,7353,1,1,12,1,8000
1,1,2,6093,45,2,2,7,8808,11,0,1287,0,0,4450,2,95,1,1696,4450,2,2,37,1,8000
1,1,2,6103,43,1,2,7,73320,12,16,1900,5,30,5846,3,30,1,994,5846,3,1,40,1,30600
1,1,2,6103,187,1,3,7,38025,12,14,1902,0,0,5651,2,30,1,931,5651,2,1,37,1,15400
1,1,2,6107,47,2,2,7,20200,13,0,5531,3,30,4428,2,20,1,173,4428,2,1,31,1,40000
1,1,2,6107,50,2,2,7,20200,13,0,5531,0,0,6888,2,30,1,2353,6888,2,99,0,9,0
1,1,2,6107,53,1,2,7,39235,14,11,2751,0,0,2316,3,35,1,578,2316,3,3,0,5,0
1,1,2,6107,208,2,3,7,39235,14,11,2751,0,0,7739,1,10,1,2164,7739,1,3,0,5,0
1,1,2,6107,209,2,3,7,39235,14,11,2751,0,0,7422,3,30,1,2039,7422,3,3,0,5,0
1,1,2,6110,43,2,2,7,11960,11,0,1446,3,30,7307,1,10,1,2086,7307,1,99,0,5,0
1,1,2,6110,44,2,2,7,1500,12,11,2879,3,30,5048,2,30,1,407,5048,2,1,26,5,600
1,1,2,6110,46,2,2,7,11960,11,0,1446,4,30,8326,1,10,1,1934,8326,1,6,26,1,2000
1,1,2,6110,48,2,2,7,1500,12,11,2879,0,0,5048,3,30,1,408,5048,3,2,0,5,0
1,1,2,6110,49,2,2,7,1500,12,11,2879,0,0,5048,4,30,1,174,5048,4,7,0,5,0
1,1,2,6111,34,2,2,7,45000,14,17,4885,6,30,7496,1,10,1,2309,7496,1,1,52,1,74250
1,1,2,6112,35,1,2,7,2667,10,0,1554,8,60,7833,1,10,1,1697,7833,1,1,51,1,50000
1,1,2,6112,36,1,2,7,2667,10,0,1554,7,60,5696,1,10,1,662,5696,1,1,52,1,9999999
1,1,2,6112,37,2,2,7,11000,12,0,5101,0,0,6212,2,30,1,488,6212,2,7,27,1,3190
1,1,2,6112,38,2,2,7,11000,12,0,5101,0,0,6212,3,30,1,891,6212,3,5,0,5,0
1,1,2,6112,39,2,2,7,2667,10,0,1554,0,0,2993,3,30,1,522,2993,3,1,10,1,3770
1,1,2,6112,40,2,2,7,34200,16,0,927,0,0,7327,2,30,1,2087,7327,2,2,52,1,20000
1,1,2,6112,192,2,3,7,5462,11,0,6169,2,30,5773,1,10,1,792,5773,1,3,0,5,0
1,1,2,6112,197,2,3,7,11000,12,0,5101,0,0,1998,1,10,1,175,1998,1,1,8,1,6000
1,1,2,6114,56,1,2,7,22126,10,11,1792,0,0,6837,51,30,1,776,6837,51,7,52,1,4000
1,1,2,6114,222,1,3,7,22126,10,11,1792,0,0,5228,1,10,1,176,5228,1,1,52,1,25400
1,1,2,6115,51,2,2,7,20073.76,11,0,4906,6,30,5482,1,10,1,1501,5482,1,1,52,1,68000
1,1,2,6115,52,1,2,7,53000,10,10,6263,5,60,6625,1,10,1,1060,6625,1,3,52,1,3100
1,1,2,6115,56,2,2,7,20073.76,11,0,4906,0,0,8699,1,10,1,2017,8699,1,1,52,1,9999999
1,1,2,6115,200,1,3,,,,,0,0,0,4860,4,33,1,523,4860,4,1,0,5,0
1,1,2,6115,202,2,3,,,,,0,0,0,7788,1,10,1,1764,7788,1,1,52,1,19600
1,1,2,6120,35,2,2,7,21956,14,0,6046,0,0,7366,2,22,1,1241,7366,2,1,21,1,10000
1,1,2,6121,54,1,2,7,12368,11,0,5879,5,30,7069,1,10,1,1643,7069,1,6,52,1,9999999
1,1,2,6121,57,1,2,7,33225,11,12,4933,4,30,4577,1,10,1,544,4577,1,7,52,1,25000
1,1,2,6121,60,2,2,7,20340,12,0,5309,2,30,3203,51,30,1,177,3203,51,1,5,1,1454
1,1,2,6121,62,1,2,7,12368,11,0,5879,6,30,6712,1,10,1,1371,6712,1,3,0,5,0
1,1,2,6121,65,1,2,7,12368,11,0,5879,0,0,7416,3,30,1,1622,7416,3,3,24,5,15000
1,1,2,6121,68,1,2,7,12368,11,0,5879,0,0,7416,5,30,1,1575,7416,5,1,8,5,0
1,1,2,6121,205,1,3,7,9920,99,11,6144,0,0,5245,3,30,1,1378,5245,3,1,0,5,0
1,1,2,6121,209,1,3,7,25000,12,12,5636,0,0,8606,51,30,1,1955,8606,51,7,0,5,0
1,1,2,6121,212,1,3,7,25506.53,5,10,5110,0,0,3305,2,30,1,2127,3305,2,7,0,5,0
1,1,2,6121,223,1,3,7,8396,10,0,4984,0,0,6966,5,30,1,1144,6966,5,7,1,1,9999999
1,1,2,6125,190,2,3,7,15000,12,12,456,0,0,5182,1,10,1,719,5182,1,1,49,1,33200
1,1,2,6127,38,2,2,7,43000,12,16,2103,3,30,1608,1,10,1,932,1608,1,1,52,1,32000
1,1,2,6127,39,1,2,7,11889,12,0,2104,4,60,1457,2,60,1,793,1457,2,1,18,1,50000
1,1,2,6127,40,1,2,7,11889,12,0,2104,0,0,1752,2,30,1,1379,1752,2,99,0,5,0
1,1,2,6127,41,2,2,7,31731,12,0,2341,0,0,1244,2,30,1,178,1244,2,3,0,5,0
1,1,2,6127,42,1,2,7,11889,12,0,2104,0,0,1541,2,30,1,663,1541,2,7,0,5,0
1,1,2,6127,186,2,3,7,31731,12,0,2341,0,0,1440,3,30,1,301,1440,3,7,25,1,4894
1,1,2,6127,192,2,3,7,31731,12,0,2341,0,0,1434,51,30,1,636,1434,51,3,0,5,0
1,1,2,6129,38,2,2,7,34200,12,12,6160,0,0,7972,51,30,1,1904,7972,51,1,30,1,27000
1,1,2,6129,39,2,2,7,42472.46,12,12,1791,0,0,6934,51,30,1,2310,6934,51,7,27,1,2880
1,1,2,6156,182,1,3,7,27000,12,0,6234,2,30,1217,2,30,1,393,1217,2,6,52,1,20800
1,1,2,6157,31,2,2,7,38000,14,12,1813,3,30,1840,3,33,1,1187,1840,3,1,49,1,38215
1,1,2,6157,32,1,2,7,38000,14,12,1813,0,0,1840,51,33,1,1289,1840,51,3,0,9,0
1,1,2,6159,41,1,2,7,27000,10,12,4572,0,0,5584,2,30,1,1458,5584,2,1,22,1,300
1,1,2,6159,42,2,2,7,18650,12,12,4726,0,0,7602,1,10,1,1203,7602,1,2,13,1,5200
1,1,2,6159,45,1,2,7,18650,12,12,4726,0,0,3144,51,30,1,1947,3144,51,3,0,5,0
1,1,2,6159,46,2,2,7,27000,10,12,4572,0,0,5584,3,30,1,836,5584,3,3,0,5,0
1,1,2,6159,47,2,2,7,27000,10,12,4572,0,0,5584,4,30,1,681,5584,4,3,11,1,1740
1,1,2,6159,48,2,2,7,18650,12,12,4726,0,0,3144,3,30,1,259,3144,3,7,0,5,0
1,1,2,6165,40,1,2,7,9505.49,12,0,3791,0,0,9124,1,10,1,2008,9124,1,1,0,5,0
1,1,2,6165,179,1,3,7,15004,12,0,1173,0,0,3386,1,10,1,864,3386,1,1,31,1,16120
1,1,2,6165,181,2,3,7,15004,12,0,1173,0,0,6988,2,30,1,1145,6988,2,1,0,5,0
1,1,2,6166,59,2,2,7,6599,12,0,4233,4,60,6127,2,60,1,362,6127,2,1,0,5,0
1,1,2,6166,60,2,2,7,9008,13,12,2390,6,60,5745,1,10,1,179,5745,1,1,23,1,6670
1,1,2,6166,62,2,2,7,22000,12,14,1386,3,30,4473,1,10,1,180,4473,1,1,52,1,28000
1,1,2,6166,63,2,2,7,9008,13,12,2390,7,60,7527,1,10,1,1262,7527,1,3,50,1,5000
1,1,2,6166,64,2,2,7,6599,12,0,4233,0,0,6427,2,30,1,777,6427,2,1,52,1,22880
1,1,2,6166,65,1,2,7,9008,13,12,2390,0,0,3522,1,10,1,595,3522,1,1,0,5,0
1,1,2,6166,66,2,2,7,23101,15,0,6172,0,0,4746,2,30,1,995,4746,2,1,0,5,0
1,1,2,6166,68,1,2,7,6599,12,0,4233,0,0,2178,51,30,1,1631,2178,51,1,52,1,600
1,1,2,6166,71,2,2,7,9008,13,12,2390,0,0,7527,3,40,1,1146,7527,3,2,0,5,0
1,1,2,6171,199,2,3,,,,,0,0,0,3578,3,30,1,637,3578,3,3,52,5,3000
1,1,2,6171,200,1,3,,,,,0,0,0,3578,51,30,1,620,3578,51,3,44,5,10000
1,1,2,6179,40,2,2,7,25210,14,0,1718,3,30,3719,51,30,1,61,3719,51,3,52,1,7000
1,1,2,6179,42,2,2,7,43000,13,14,3028,0,0,8255,4,30,1,2107,8255,4,1,0,5,0
1,1,2,6191,33,1,2,7,20350,10,0,853,0,0,3463,3,30,1,946,3463,3,7,30,5,150
1,1,2,6200,40,1,2,7,52046,12,12,1315,4,30,6456,2,30,1,1101,6456,2,1,0,5,0
1,1,2,6200,41,2,2,7,52046,12,12,1315,5,30,7291,1,10,1,1538,7291,1,1,52,1,30000
1,1,2,6200,42,2,2,7,87500,12,13,5766,0,0,7439,2,30,1,2068,7439,2,1,52,1,6000
1,1,2,6203,39,1,2,7,13360,12,12,6007,0,0,5257,2,30,1,524,5257,2,6,27,1,16605
1,1,2,6203,183,2,3,7,24024,8,0,627,3,60,7587,1,10,1,1147,7587,1,1,0,5,0
1,1,2,6205,40,2,2,7,23652,6,10,4769,7,60,3767,1,10,1,394,3767,1,1,37,1,12765
1,1,2,6205,41,2,2,7,35870,99,0,5692,3,30,7740,1,10,1,2165,7740,1,2,52,1,25000
1,1,2,6205,42,1,2,7,64900,13,16,4780,12,30,9129,1,10,1,2101,9129,1,1,52,1,50000
1,1,2,6205,43,2,2,7,36470,11,12,4326,0,0,2280,2,30,1,892,2280,2,1,52,1,32000
1,1,2,6205,44,1,2,7,35870,99,0,5692,0,0,7053,2,30,1,2069,7053,2,2,1,1,57
1,1,2,6205,45,2,2,7,12372,13,0,5530,0,0,7795,2,30,1,1736,7795,2,6,52,1,19000
1,1,2,6205,46,1,2,7,36470,11,12,4326,0,0,2280,3,30,1,638,2280,3,7,13,1,479
1,1,2,6205,201,1,3,,,,,0,0,0,3413,2,30,1,1290,3413,2,99,26,1,15600
1,1,2,6210,37,1,2,7,37100,12,99,3148,4,30,5374,51,30,1,489,5374,51,1,52,1,44000
1,1,2,6210,41,1,2,7,15601,11,0,810,0,0,7062,2,30,1,1502,7062,2,5,0,5,0
1,1,2,6210,42,1,2,7,15601,11,0,810,0,0,4832,1,10,1,260,4832,1,1,0,5,0
1,1,2,6210,44,2,2,,,,,0,0,0,3194,51,30,1,1049,3194,51,1,28,1,8140
1,1,2,6212,40,2,2,7,13668,12,0,3644,0,0,4349,1,10,1,1102,4349,1,1,52,1,39000
1,1,2,6212,42,2,2,7,18600,13,0,6289,0,0,4651,3,30,1,2311,4651,3,7,52,1,9999999
1,1,2,6212,179,2,3,7,13668,12,0,3644,0,0,8565,2,30,1,2312,8565,2,1,52,1,20000
1,1,2,6217,37,2,2,7,29650,99,99,4707,0,0,3990,2,30,1,744,3990,2,1,52,1,2000
1,1,2,6227,31,2,2,7,20356,9,10,4354,7,60,6765,2,22,1,1071,6765,2,1,21,1,20000
1,1,2,6227,179,1,3,7,20356,9,10,4354,6,60,7407,1,10,1,2245,7407,1,1,52,1,83000
1,1,2,6228,37,2,2,7,63500,11,12,2881,4,33,2924,2,30,1,525,2924,2,3,13,1,8000
1,1,2,6228,181,2,3,7,63500,11,12,2881,0,0,7540,1,10,1,1204,7540,1,1,51,1,10000
1,1,2,6232,46,1,2,7,2256,11,0,1143,4,60,2222,2,30,1,1148,2222,2,99,0,5,0
1,1,2,6232,47,2,2,7,26740,11,0,5174,2,30,6525,2,30,1,918,6525,2,1,49,5,27000
1,1,2,6232,48,2,2,7,26740,11,0,5174,3,30,6525,3,30,1,1263,6525,3,7,52,1,45000
1,1,2,6232,198,1,3,7,2256,11,0,1143,0,0,5004,4,30,1,526,5004,4,7,0,5,0
1,1,2,6233,37,2,2,7,19026,14,0,3822,3,30,2054,2,30,1,682,2054,2,1,52,1,46644
1,1,2,6233,39,1,2,7,47000,14,0,4591,0,0,7356,3,30,1,2208,7356,3,3,0,5,0
1,1,2,6233,43,2,2,7,43500,10,12,953,0,0,2958,51,30,1,1851,2958,51,7,38,1,2500
1,1,2,6233,185,2,3,7,1200,11,0,2114,0,0,1961,1,10,1,490,1961,1,3,9,1,4000
1,1,2,6262,40,2,2,7,29396,15,0,3725,0,0,4619,3,30,1,947,4619,3,1,52,1,7337
1,1,2,6275,34,1,2,7,29616,12,0,4165,4,30,4446,1,10,1,181,4446,1,1,17,1,6800
1,1,2,6287,46,1,2,7,18693,14,0,4055,0,0,7304,1,10,1,1149,7304,1,1,0,5,0
1,1,2,6287,47,1,2,7,10000,12,0,5623,0,0,8248,3,35,1,2242,8248,3,1,7,1,500
1,1,2,6287,48,1,2,7,18693,14,0,4055,0,0,6505,2,30,1,1653,6505,2,7,0,5,0
1,1,2,6316,33,1,2,7,35000,12,12,4206,4,30,1313,2,30,1,1616,1313,2,1,26,1,28000
1,1,2,6335,37,2,2,7,15925,12,0,5518,3,60,7346,1,10,1,1264,7346,1,1,26,1,19000
1,1,2,6335,38,1,2,7,15925,12,0,5518,4,30,5488,2,30,1,865,5488,2,1,30,1,11904
1,1,2,6335,39,2,2,7,15925,12,0,5518,0,0,3155,6,33,1,1698,3155,6,1,9,5,5000
1,1,2,6335,40,2,2,7,15925,12,0,5518,0,0,7701,1,10,1,2102,7701,1,1,0,5,0
1,1,2,6335,178,2,3,7,10312,12,0,1433,0,0,6416,2,30,1,1078,6416,2,7,0,5,0
1,1,2,6350,35,2,2,7,17000,12,0,4075,4,30,5999,3,30,1,527,5999,3,1,50,1,21539
1,1,2,6357,36,1,2,7,18710,12,0,335,0,0,8625,1,10,1,1852,8625,1,1,17,1,25000
1,1,2,6357,38,1,2,7,18710,12,0,335,0,0,8625,2,40,1,2313,8625,2,1,0,5,0
1,1,2,6361,33,2,2,7,56200,13,16,3736,4,30,8607,1,10,1,2144,8607,1,1,52,1,30000
1,1,2,6361,34,1,2,7,56200,13,16,3736,5,30,6194,1,10,1,1417,6194,1,1,52,1,50000
1,1,2,6365,60,2,2,7,27413,8,0,6327,0,0,7279,2,30,1,1278,7279,2,7,23,1,1200
1,1,2,6365,62,1,2,7,27413,8,0,6327,0,0,4597,2,30,1,261,4597,2,7,0,5,0
1,1,2,6365,63,1,2,7,27413,8,0,6327,0,0,4882,3,35,1,262,4882,3,3,0,5,0
1,1,2,6365,194,1,3,,,,,0,0,0,7373,2,30,1,1228,7373,2,1,22,1,3480
1,1,2,6367,37,2,2,7,19000,14,0,4073,0,0,6119,51,30,1,2166,6119,51,1,13,1,3000
1,1,2,6367,38,2,2,7,19000,14,0,4073,0,0,7692,1,10,1,2167,7692,1,1,52,1,5000
1,1,2,6368,36,2,2,7,45200.9,14,0,2855,0,0,2851,2,30,1,182,2851,2,1,0,5,0
1,1,2,6370,40,1,2,7,36000,12,14,3128,3,30,3613,1,10,1,183,3613,1,1,52,1,40000
1,1,2,6370,41,2,2,7,18006,10,0,1705,3,60,6536,1,10,1,1220,6536,1,2,52,1,9999999
1,1,2,6370,42,1,2,7,12582,12,0,713,3,30,6560,1,10,1,1061,6560,1,3,27,1,13000
1,1,2,6370,43,2,2,7,18006,10,0,1705,0,0,3352,2,30,1,579,3352,2,6,52,1,18720
1,1,2,6370,44,1,2,7,36000,12,14,3128,0,0,6111,1,10,1,837,6111,1,1,52,1,33000
1,1,2,6370,46,2,2,7,18006,10,0,1705,0,0,4133,2,30,1,184,4133,2,3,2,1,386
1,1,2,6370,189,1,3,7,18006,10,0,1705,0,0,5451,1,10,1,363,5451,1,1,52,1,9999999
1,1,2,6375,34,1,2,7,37488,12,11,6186,5,30,3003,3,33,1,185,3003,3,6,17,1,3697
1,1,2,6375,36,2,2,7,58198.6,12,14,1746,0,0,6275,3,30,1,2128,6275,3,3,30,1,6765
1,1,2,6381,190,1,3,7,28638,13,14,922,0,0,7231,1,10,1,1363,7231,1,2,0,5,0
1,1,2,6381,191,2,3,7,28638,13,14,922,0,0,6149,1,10,1,720,6149,1,3,0,5,0
1,1,2,6396,31,1,2,7,26550,12,12,3833,4,30,2383,3,30,1,1167,2383,3,3,0,5,0
1,1,2,6409,37,2,2,7,10440,10,0,6125,0,0,7300,2,30,1,1963,7300,2,1,48,1,20000
1,1,2,6414,32,2,2,7,55900,17,14,4531,0,0,1599,3,30,1,1931,1599,3,3,0,5,0
1,1,2,6414,173,2,3,7,55900,17,14,4531,4,60,1424,1,10,1,409,1424,1,7,52,5,2100
1,1,2,6418,37,1,2,7,7530,11,12,1217,0,0,3491,2,30,1,1737,3491,2,1,48,1,3000
1,1,2,6418,176,2,3,7,7530,11,12,1217,6,97,7377,1,10,1,1279,7377,1,1,52,1,25000
1,1,2,6434,32,2,2,7,62000,16,16,2749,0,0,7916,51,30,1,1765,7916,51,1,32,1,17472
1,1,2,6436,46,2,2,7,10586,10,0,2995,2,30,6385,2,22,1,1168,6385,2,1,0,5,0
1,1,2,6436,47,1,2,7,12000,12,0,2994,2,30,3242,1,10,1,263,3242,1,3,0,5,0
1,1,2,6436,48,2,2,7,10586,10,0,2995,3,30,5912,1,10,1,1019,5912,1,1,0,5,0
1,1,2,6436,49,1,2,7,26000,99,0,6182,2,30,6476,5,33,1,778,6476,5,1,52,1,25000
1,1,2,6436,51,2,2,7,12000,12,0,2994,0,0,3242,3,40,1,1664,3242,3,3,0,5,0
1,1,2,6436,52,2,2,7,26000,99,0,6182,0,0,6476,3,33,1,893,6476,3,1,52,1,1200
1,1,2,6436,53,1,2,7,10586,10,0,2995,0,0,2168,2,60,1,1083,2168,2,3,52,1,25780
1,1,2,6438,33,2,2,7,30049,13,0,2523,0,0,1340,2,30,1,264,1340,2,7,27,1,3536
1,1,2,6472,31,2,2,7,21000,16,0,4061,0,0,7189,2,30,1,1442,7189,2,1,20,1,3494
1,1,2,6475,43,2,2,7,5856,9,0,5240,3,30,6046,1,10,1,1099,6046,1,3,0,5,0
1,1,2,6478,52,2,2,7,25000,17,0,3501,2,30,5940,1,10,1,894,5940,1,1,52,1,23000
1,1,2,6485,42,1,2,7,4031,10,0,4771,2,30,8939,1,10,1,1789,8939,1,1,52,1,60000
1,1,2,6485,43,2,2,7,22000,99,0,5624,0,0,6589,51,33,1,1589,6589,51,7,52,1,120
1,1,2,6485,44,1,2,7,21600,12,0,5532,0,0,6581,2,30,1,2264,6581,2,1,52,1,23400
1,1,2,6485,45,2,2,7,1273,99,0,4982,0,0,6439,2,30,1,838,6439,2,1,13,1,1950
1,1,2,6485,181,1,3,7,31500,12,0,5839,3,30,4089,2,30,1,948,4089,2,1,40,1,400
1,1,2,6485,192,2,3,7,31500,12,0,5839,0,0,6788,2,30,1,1351,6788,2,3,0,5,0
1,1,2,6494,36,1,2,7,19800,14,14,4260,5,30,5680,1,10,1,866,5680,1,7,0,5,0
1,1,2,6509,31,1,2,7,29000,99,0,3453,0,0,372,3,30,1,745,372,3,1,40,1,5500
1,1,2,6509,32,2,2,7,29000,99,0,3453,0,0,372,4,30,1,410,372,4,2,40,1,600
1,1,2,6509,33,2,2,7,29000,99,0,3453,0,0,372,5,30,1,186,372,5,7,52,5,10000
1,1,2,6519,38,2,2,7,3200,14,0,5786,2,30,5340,2,70,1,721,5340,2,1,52,1,41000
1,1,2,6522,32,1,2,7,5600,10,0,4688,4,30,7489,2,30,1,1494,7489,2,3,0,5,0
1,1,2,6522,33,2,2,7,5600,10,0,4688,0,0,7489,3,30,1,1169,7489,3,1,52,1,33592
1,1,2,6537,39,2,2,7,2880,11,0,5272,3,30,4440,1,10,1,1637,4440,1,1,52,1,9999999
1,1,2,6537,40,2,2,7,20200,12,0,5925,4,30,3882,1,10,1,187,3882,1,1,52,1,30000
1,1,2,6537,190,2,3,,,,,0,0,0,6562,1,10,1,1432,6562,1,1,52,1,48000
1,1,2,6539,30,1,2,7,53000,12,12,4658,0,0,1628,1,10,1,1103,1628,1,1,13,1,10000
1,1,2,6541,31,2,2,7,80050,16,13,2537,3,30,7838,1,10,1,1747,7838,1,1,52,1,37000
1,1,2,6541,32,2,2,7,118000,12,12,5000,0,0,6478,2,30,1,803,6478,2,1,52,1,800
1,1,2,6541,33,1,2,7,80050,16,13,2537,0,0,3424,51,30,1,1020,3424,51,7,12,1,2124
1,1,2,6541,34,2,2,7,118000,12,12,5000,0,0,6478,3,30,1,1862,6478,3,1,0,5,0
1,1,2,6545,43,1,2,7,20000,9,12,5942,0,0,6153,51,30,1,1084,6153,51,1,52,5,30000
1,1,2,6545,44,1,2,7,17459.58,13,0,6127,0,0,2463,51,30,1,1995,2463,51,1,52,1,5000
1,1,2,6545,45,1,2,7,33000,12,12,5372,0,0,6529,51,30,1,2319,6529,51,7,0,9,0
1,1,2,6545,192,2,3,7,17459.58,13,0,6127,0,0,2463,52,30,1,580,2463,52,1,52,1,4536
1,1,2,6546,36,1,2,7,64050,15,10,44,3,30,3794,1,10,1,188,3794,1,1,52,1,34000
1,1,2,6546,38,1,2,7,64050,15,10,44,0,0,3964,51,30,1,2027,3964,51,1,0,5,0
1,1,2,6547,31,2,2,7,43500,12,14,5920,3,30,6009,1,10,1,1104,6009,1,3,0,5,0
1,1,2,6547,32,2,2,7,42000,12,12,6055,4,30,4741,2,20,1,189,4741,2,2,52,1,25000
1,1,2,6547,33,2,2,7,43500,12,14,5920,0,0,6118,2,22,1,1085,6118,2,1,52,1,9999999
1,1,2,6553,30,1,2,7,54000,16,16,4687,3,30,497,3,30,1,1021,497,3,1,52,1,42000
1,1,2,6553,31,2,2,7,55950,14,0,6313,2,30,985,1,10,1,621,985,1,1,13,1,532
1,1,2,6557,33,1,2,7,14880,7,0,3298,0,0,4732,2,30,1,1646,4732,2,1,52,1,5520
1,1,2,6560,34,2,2,7,17748,12,12,4793,0,0,6826,3,33,1,987,6826,3,7,0,5,0
1,1,2,6571,35,1,2,7,27244,14,99,6163,4,30,4673,1,10,1,190,4673,1,5,52,1,7000
1,1,2,6571,38,1,2,7,18294,10,10,4011,4,30,7273,1,10,1,1364,7273,1,6,0,5,0
1,1,2,6571,39,1,2,7,18294,10,10,4011,0,0,7959,1,10,1,1721,7959,1,3,52,1,30000
1,1,2,6571,41,2,2,7,27244,14,99,6163,0,0,7618,1,10,1,1480,7618,1,1,52,1,15000
1,1,2,6571,177,1,3,7,18294,10,10,4011,3,30,7892,1,10,1,2042,7892,1,3,0,5,0
1,1,2,6577,39,2,2,7,31800,13,12,3328,3,30,3456,1,10,1,364,3456,1,1,52,5,0
1,1,2,6577,41,2,2,7,23000,12,16,3047,3,30,9014,1,10,1,2002,9014,1,1,52,1,21000
1,1,2,6577,42,2,2,7,71300,11,0,5586,0,0,7991,1,10,1,1699,7991,1,3,0,5,0
1,1,2,6577,43,1,2,7,23000,12,16,3047,0,0,5867,3,30,1,265,5867,3,7,52,1,580
1,1,2,6577,44,1,2,7,83100,14,14,4111,0,0,6578,2,30,1,1612,6578,2,6,0,5,0
1,1,2,6577,195,2,3,7,83100,14,14,4111,0,0,6578,3,70,1,1086,6578,3,7,38,1,19000
1,1,2,6583,47,2,2,7,10459,9,0,2226,2,30,4692,2,20,1,48,4692,2,1,0,5,0
1,1,2,6583,48,2,2,7,15760,12,8,3603,4,30,7508,1,10,1,1291,7508,1,1,52,1,35000
1,1,2,6583,49,1,2,7,16000,12,10,1251,3,30,6239,1,10,1,2320,6239,1,1,52,1,9999999
1,1,2,6583,51,2,2,7,10459,9,0,2226,3,30,8724,1,10,1,1722,8724,1,1,52,1,25000
1,1,2,6583,54,1,2,7,15760,12,8,3603,0,0,5620,1,10,1,972,5620,1,1,52,1,24000
1,1,2,6583,57,1,2,7,10459,9,0,2226,0,0,8427,52,30,1,2239,8427,52,1,52,1,36400
1,1,2,6583,63,2,2,7,3000,12,11,1253,0,0,5601,1,10,1,191,5601,1,2,0,5,0
1,1,2,6583,229,2,3,7,3000,12,11,1253,0,0,6297,2,30,1,2021,6297,2,1,52,1,14417
1,1,2,6588,41,1,2,7,17415,11,0,4347,3,60,4712,1,10,1,365,4712,1,1,52,1,41600
1,1,2,6588,178,2,3,7,17415,11,0,4347,0,0,7497,2,30,1,1205,7497,2,6,0,5,0
1,1,2,6588,179,1,3,7,17415,11,0,4347,0,0,7497,3,30,1,1206,7497,3,6,0,5,0
1,1,2,6588,181,1,3,7,17415,11,0,4347,0,0,7497,51,30,1,1207,7497,51,6,0,5,0
1,1,2,6590,45,2,2,7,10414.95,16,0,1444,3,30,3419,3,30,1,988,3419,3,1,52,1,33000
1,1,2,6590,46,2,2,7,36079.34,99,99,1609,5,60,7151,5,30,1,1280,7151,5,1,52,1,454
1,1,2,6590,47,2,2,7,2987.31,12,0,5212,2,30,6066,51,30,1,1474,6066,51,1,52,1,38000
1,1,2,6590,48,1,2,7,2987.31,12,0,5212,0,0,6066,2,30,1,1229,6066,2,1,9,1,15577
1,1,2,6590,50,2,2,7,64554,13,12,1608,0,0,5719,5,60,1,1986,5719,5,3,0,5,0
1,1,2,6590,51,2,2,7,64554,13,12,1608,0,0,5719,3,60,1,2025,5719,3,1,6,1,290
1,1,2,6590,52,1,2,7,2987.31,12,0,5212,0,0,6066,3,30,1,1352,6066,3,3,27,1,6851
1,1,2,6591,39,2,2,7,70600,14,14,3986,4,30,4598,2,30,1,395,4598,2,1,52,1,880
1,1,2,6591,40,1,2,7,40100,10,13,4051,0,0,8678,1,10,1,1908,8678,1,1,52,1,29900
1,1,2,6591,42,2,2,7,40100,10,13,4051,0,0,6742,3,30,1,1974,6742,3,1,18,1,500
1,1,2,6591,43,1,2,7,40100,10,13,4051,0,0,4982,4,60,1,1150,4982,4,1,52,1,7280
1,1,2,6602,41,2,2,7,21272,12,0,4112,2,30,5064,1,10,1,769,5064,1,3,6,1,2000
1,1,2,6602,43,2,2,7,21634.04,12,11,5017,0,0,8039,2,30,1,2015,8039,2,3,0,5,0
1,1,2,6605,40,1,2,7,23000,11,0,2907,0,0,2594,4,30,1,877,2594,4,6,0,5,0
1,1,2,6605,209,1,3,7,23000,11,0,2907,0,0,2594,3,30,1,989,2594,3,1,52,1,8000
1,1,2,6615,36,2,2,7,58400,13,0,6260,3,30,5241,2,30,1,1960,5241,2,1,52,1,23320
1,1,2,6615,38,1,2,7,58400,13,0,6260,0,0,5241,51,30,1,491,5241,51,1,52,5,10000
1,1,2,6615,40,2,2,7,108247,11,12,4038,0,0,9036,1,10,1,1700,9036,1,3,0,5,0
1,1,2,6615,178,2,3,7,108247,11,12,4038,0,0,8860,1,10,1,2177,8860,1,1,17,1,36000
1,1,2,6616,37,2,2,7,22080,11,12,1886,0,0,2349,1,10,1,683,2349,1,1,27,1,6000
1,1,2,6616,38,2,2,7,41500,15,13,3985,0,0,8164,51,30,1,1987,8164,51,1,52,1,23400
1,1,2,6616,201,1,3,7,26000,10,0,1884,0,0,7887,1,10,1,2070,7887,1,1,2,1,20000
1,1,2,6624,35,2,2,7,55010,9,14,1415,0,0,1821,3,33,1,1467,1821,3,7,0,5,0
1,1,2,6625,35,2,2,7,197220,17,17,4406,4,30,5608,1,10,1,1022,5608,1,7,22,1,29025
1,1,2,6626,37,1,2,7,66000,13,15,5169,4,30,9243,3,30,1,1292,9243,3,1,10,1,5400
1,1,2,6626,38,1,2,7,62000,12,15,5235,3,30,2487,2,30,1,1523,2487,2,1,52,1,9999999
1,1,2,6626,39,2,2,7,18000,12,0,5374,3,30,4888,1,10,1,192,4888,1,3,52,5,0
1,1,2,6626,40,1,2,7,62000,12,15,5235,0,0,2487,51,30,1,430,2487,51,3,15,5,3000
1,1,2,6633,38,1,2,7,29200,12,0,1596,0,0,2009,2,30,1,605,2009,2,3,52,1,9999999
1,1,2,6635,51,2,2,,,,,0,0,0,5231,1,10,1,990,5231,1,1,52,1,9999999
1,1,2,6635,52,1,2,7,20140,12,0,797,4,60,2960,2,60,1,2005,2960,2,1,0,5,0
1,1,2,6635,56,2,2,7,28100,12,14,6188,0,0,8604,1,10,1,1701,8604,1,2,52,1,15000
1,1,2,6639,40,1,2,7,15143.88,11,0,3805,6,60,4919,2,30,1,1421,4919,2,1,52,1,10000
1,1,2,6639,42,2,2,7,15143.88,11,0,3805,0,0,4785,2,30,1,1023,4785,2,1,4,1,1000
1,1,2,6646,40,1,2,7,16230,9,0,3979,5,60,6947,1,10,1,1543,6947,1,1,52,1,16380
1,1,2,6646,41,1,2,7,16230,9,0,3979,0,0,6480,1,10,1,1438,6480,1,1,52,1,35100
1,1,2,6646,43,2,2,7,6169,11,0,4311,0,0,7298,2,30,1,1170,7298,2,3,0,5,0
1,1,2,6649,34,1,2,7,46220,12,0,6337,3,30,5995,1,10,1,606,5995,1,2,52,1,9999999
1,1,2,6655,41,1,2,7,12221,12,0,3019,6,60,8212,3,33,1,1766,8212,3,6,0,5,0
1,1,2,6655,43,1,2,7,27900,11,0,54,0,0,8042,2,30,1,1702,8042,2,1,52,1,23400
1,1,2,6655,45,2,2,7,12221,12,0,3019,0,0,4363,3,33,1,746,4363,3,3,0,5,0
1,1,2,6655,46,2,2,7,23184,10,0,60,0,0,7908,2,30,1,2209,7908,2,1,0,5,0
1,1,2,6674,33,1,2,7,65000,12,0,5582,73,30,5218,1,10,1,193,5218,1,1,0,5,0
1,1,2,6674,35,2,2,7,65000,12,0,5582,0,0,4451,3,30,1,1468,4451,3,2,21,1,17000
1,1,2,6682,35,1,2,7,33000,12,11,6021,0,0,5768,2,30,1,933,5768,2,3,0,5,0
1,1,2,6682,36,1,2,7,33000,12,11,6021,0,0,5768,6,30,1,1954,5768,6,1,0,5,0
1,1,2,6682,178,1,3,7,46500,12,9,4860,0,0,7926,3,30,1,2129,7926,3,6,52,1,16000
1,1,2,6682,179,2,3,7,46500,12,9,4860,0,0,7926,4,30,1,2121,7926,4,1,20,1,7600
1,1,2,6684,42,2,2,7,53035,12,12,5662,6,30,4090,2,30,1,839,4090,2,3,52,1,35360
1,1,2,6694,32,1,2,7,11940,12,0,4775,2,30,7426,1,10,1,1608,7426,1,1,11,1,25000
1,1,2,6698,33,2,2,7,58000,12,14,4062,3,30,7255,1,10,1,2279,7255,1,7,52,1,42000
1,1,2,6703,33,2,2,,,,,0,0,0,305,2,30,1,1459,305,2,7,1,1,66
1,1,2,6706,37,2,2,7,4470,99,0,5295,2,30,3235,4,30,1,1922,3235,4,1,50,1,26000
1,1,2,6706,38,1,2,7,4470,99,0,5295,3,30,7083,1,10,1,1171,7083,1,3,43,1,29500
1,1,2,6707,35,1,2,7,15000,16,14,5754,0,0,5210,2,30,1,1533,5210,2,1,0,5,0
1,1,2,6716,32,2,2,7,66200,12,12,5113,4,30,7953,2,20,1,1923,7953,2,1,52,1,115000
1,1,2,6721,36,1,2,7,54562,4,0,3764,0,0,4774,4,40,1,366,4774,4,1,0,5,0
1,1,2,6724,40,1,2,7,85000,12,13,4794,4,30,6334,2,30,1,1087,6334,2,3,12,1,5600
1,1,2,6724,42,2,2,7,57935,11,12,3713,0,0,8944,3,30,1,1982,8944,3,2,52,1,29120
1,1,2,6724,43,2,2,7,46000,14,12,4394,0,0,4742,2,22,1,581,4742,2,3,10,1,25000
1,1,2,6724,203,2,3,7,46000,14,12,4394,0,0,5236,1,10,1,302,5236,1,3,0,5,0
1,1,2,6735,45,2,2,7,2556,11,0,2637,5,30,5796,2,30,1,895,5796,2,1,52,1,15000
1,1,2,6735,47,2,2,7,10000,99,99,2850,0,0,8231,3,30,1,2367,8231,3,99,0,9,0
1,1,2,6735,189,2,3,7,31650,11,0,3502,0,0,3119,3,30,1,528,3119,3,7,0,5,0
1,1,2,6735,190,1,3,7,31650,11,0,3502,0,0,3119,4,30,1,639,3119,4,7,0,5,0
1,1,2,6736,40,1,2,7,18345.2,12,12,6271,3,30,6321,1,10,1,896,6321,1,1,52,1,40000
1,1,2,6738,35,1,2,7,16080,13,0,3400,0,0,7591,4,30,1,2314,7591,4,3,52,1,31200
1,1,2,6738,187,2,3,7,16080,13,0,3400,0,0,7591,3,30,1,1495,7591,3,1,45,1,21000
1,1,2,6750,36,2,2,7,13250,99,0,5515,2,30,7652,1,10,1,1611,7652,1,1,52,1,40000
1,1,2,6750,37,2,2,7,13250,99,0,5515,3,30,4893,2,30,1,411,4893,2,1,52,1,32000
1,1,2,6750,185,2,3,7,35000,15,14,5405,4,30,5591,2,40,1,1524,5591,2,1,52,1,26000
1,1,2,6765,37,1,2,7,26340,14,16,3771,3,30,5544,3,30,1,794,5544,3,1,52,5,35000
1,1,2,6765,38,1,2,7,26340,14,16,3771,0,0,5544,51,30,1,194,5544,51,1,0,5,0
1,1,2,6765,39,1,2,7,52000,12,14,5673,0,0,2299,3,30,1,367,2299,3,7,31,1,11744
1,1,2,6779,43,2,2,7,23652,10,0,4363,4,30,6209,1,10,1,795,6209,1,3,52,1,33000
1,1,2,6779,50,1,2,7,20892,99,99,5834,0,0,2606,2,30,1,1365,2606,2,2,38,1,19760
1,1,2,6779,218,2,3,7,20892,99,99,5834,0,0,7894,1,10,1,1790,7894,1,3,0,5,0
1,1,2,6780,39,2,2,7,7576,14,0,2541,0,0,9050,2,20,1,1723,9050,2,7,52,1,25000
1,1,2,6780,40,2,2,7,7576,14,0,2541,0,0,8669,3,33,1,1731,8669,3,1,52,1,20000
1,1,2,6785,36,1,2,7,7200,12,11,1280,6,30,5392,4,30,1,2231,5392,4,3,0,5,0
1,1,2,6785,37,1,2,7,7200,12,11,1280,7,30,5392,2,30,1,266,5392,2,1,0,5,0
1,1,2,6785,40,2,2,,,,,0,0,0,5976,2,30,1,1975,5976,2,7,28,1,5600
1,1,2,6785,180,2,3,7,12564,15,0,897,0,0,4103,2,30,1,49,4103,2,7,0,5,0
1,1,2,6785,181,1,3,7,12564,15,0,897,0,0,4103,3,30,1,195,4103,3,3,0,5,0
1,1,2,6790,38,2,2,7,114000,14,16,4430,0,0,7488,5,33,1,1306,7488,5,1,0,5,0
1,1,2,6793,38,1,2,7,1036,10,0,2959,3,30,6454,1,10,1,973,6454,1,3,36,1,25000
1,1,2,6793,39,2,2,7,1036,10,0,2959,4,30,6343,2,30,1,2294,6343,2,1,52,1,9999999
1,1,2,6793,40,2,2,7,9842,12,0,2117,3,70,5910,2,20,1,919,5910,2,1,39,1,14000
1,1,2,6795,175,2,3,7,12000,12,0,2961,0,0,181,2,30,1,412,181,2,1,0,5,0
1,1,2,6798,41,2,2,7,42376,13,11,2457,0,0,3073,3,30,1,303,3073,3,3,0,5,0
1,1,2,6800,179,1,3,,,,,0,0,0,8211,1,10,1,1924,8211,1,1,51,1,19000
1,1,2,6822,31,2,2,7,92900,14,13,805,4,30,1207,3,30,1,664,1207,3,1,0,5,0
1,1,2,6822,32,2,2,7,47200,12,0,5584,4,30,1831,3,30,1,1496,1831,3,1,52,1,65000
1,1,2,6822,177,2,3,7,47200,12,0,5584,3,30,1831,2,30,1,1655,1831,2,99,0,9,0
1,1,2,6830,31,1,2,7,65000,12,99,3401,4,30,960,2,30,1,747,960,2,1,52,1,12000
1,1,2,6832,44,2,2,7,5292,13,0,3630,4,30,5005,1,10,1,304,5005,1,1,52,1,20000
1,1,2,6832,49,1,2,7,32900,13,14,6199,0,0,6942,2,30,1,1620,6942,2,3,27,1,3000
1,1,2,6836,30,1,2,7,23135,10,0,4214,0,0,1245,4,30,1,1618,1245,4,1,52,1,7000
1,1,2,6836,31,1,2,7,23135,10,0,4214,0,0,1245,5,30,1,1062,1245,5,3,52,1,6000
1,1,2,6838,34,1,2,7,39600,12,13,3241,0,0,1041,4,30,1,665,1041,4,7,2,1,290
1,1,2,6839,38,2,2,7,6672,12,0,2172,5,30,3379,3,30,1,413,3379,3,1,52,1,26000
1,1,2,6839,41,2,2,7,6672,12,0,2172,0,0,7182,3,30,1,1583,7182,3,7,0,5,0
1,1,2,6839,187,2,3,7,20000,12,0,2173,0,0,8020,3,30,1,1703,8020,3,7,52,1,6240
1,1,2,6840,33,2,2,7,57000,12,12,2580,5,60,4419,1,10,1,368,4419,1,1,52,1,22000
1,1,2,6841,32,1,2,7,38439,16,0,2789,0,0,2336,4,30,1,734,2336,4,7,0,5,0
1,1,2,6845,42,2,2,7,12000,13,0,5914,5,30,7929,2,30,1,2097,7929,2,1,52,1,43000
1,1,2,6845,43,1,2,7,32000,11,12,6299,4,30,6489,1,10,1,897,6489,1,1,52,1,17000
1,1,2,6845,44,2,2,7,32000,11,12,6299,5,30,4110,1,10,1,492,4110,1,3,38,1,19076
1,1,2,6845,185,2,3,7,32000,11,12,6299,0,0,5397,2,22,1,50,5397,2,3,0,5,0
1,1,2,6849,33,2,2,7,58000,11,14,3309,4,30,8024,1,10,1,2178,8024,1,1,52,1,51000
1,1,2,6851,32,1,2,7,56101,9,7,5273,0,0,6487,2,30,1,957,6487,2,3,39,1,23400
1,1,2,6853,175,2,3,7,25309,8,0,1566,0,0,6162,3,30,1,1654,6162,3,1,52,1,15080
1,1,2,6857,31,2,2,7,104700,99,0,6023,0,0,573,1,10,1,878,573,1,3,52,1,5000
1,1,2,6862,47,1,2,7,3384,9,0,3398,2,30,7287,1,10,1,1450,7287,1,3,20,1,10000
1,1,2,6862,48,2,2,7,3384,9,0,3398,0,0,3624,2,30,1,2232,3624,2,3,43,1,18920
1,1,2,6864,39,2,2,7,10000,12,0,4556,0,0,5255,2,30,1,958,5255,2,1,52,1,9999999
1,1,2,6867,36,1,2,7,25570,12,13,1220,5,30,7197,2,30,1,1996,7197,2,1,0,5,0
